Aaden,male
Aaliyah,female
Aarav,male
Aaron,female
Aaron,male
Ab,male
Abagail,female
Abb,male
Abbey,female
Abbie,female
Abbie,male
Abbigail,female
Abbott,male
Abby,female
Abdiel,male
Abdul,male
Abdullah,male
Abe,male
Abel,male
Abelardo,male
Abie,male
Abigail,female
Abigale,female
Abigayle,female
Abner,male
Abraham,male
Abram,male
Abril,female
Ace,male
Acey,male
Achsah,female
Acie,male
Acy,male
Ada,female
Ada,male
Adah,female
Adalberto,male
Adaline,female
Adalyn,female
Adalynn,female
Adam,male
Adamaris,female
Adams,male
Adan,male
Add,male
Adda,female
Addie,female
Addie,male
Addison,female
Addison,male
Addisyn,female
Addyson,female
Adel,female
Adela,female
Adelaide,female
Adelard,male
Adelbert,male
Adele,female
Adelia,female
Adelina,female
Adeline,female
Adell,female
Adella,female
Adelle,female
Adelyn,female
Aden,male
Adilene,female
Adin,male
Adina,female
Adison,female
Aditya,male
Adlai,male
Adline,female
Admiral,male
Adolf,male
Adolfo,male
Adolph,male
Adolphus,male
Adonis,male
Adrain,male
Adria,female
Adrian,female
Adrian,male
Adriana,female
Adriane,female
Adrianna,female
Adrianne,female
Adriel,male
Adrien,male
Adriene,female
Adrienne,female
Adron,male
Adyson,female
Aedan,male
Affie,female
Afton,female
Agatha,female
Aggie,female
Agnes,female
Agnes,male
Agness,female
Agusta,female
Agustin,male
Agustus,male
Ah,male
Ahmad,male
Ahmed,male
Aida,female
Aidan,male
Aiden,male
Aidyn,male
Aileen,female
Ailene,female
Aili,female
Aimee,female
Ainsley,female
Aisha,female
Aiyana,female
Aja,female
Akeelah,female
Akeem,male
Akira,female
Akira,male
Al,male
Ala,female
Alabama,female
Alaina,female
Alan,male
Alana,female
Alani,female
Alanna,female
Alannah,female
Alanzo,male
Alayna,female
Alba,female
Alba,male
Albert,female
Albert,male
Alberta,female
Albertha,female
Albertina,female
Albertine,female
Alberto,male
Albertus,male
Albin,male
Albina,female
Albion,male
Alby,male
Alcee,male
Alcide,male
Alcie,female
Alda,female
Alden,male
Aldo,male
Aldona,female
Aleah,female
Alease,female
Alec,male
Alecia,female
Aleck,male
Aleen,female
Aleena,female
Alejandra,female
Alejandro,male
Alek,male
Alena,female
Alene,female
Alesha,female
Alesia,female
Alessandra,female
Alessandro,male
Aleta,female
Aletha,female
Alethea,female
Alex,female
Alex,male
Alexa,female
Alexande,male
Alexander,female
Alexander,male
Alexandr,female
Alexandra,female
Alexandre,male
Alexandrea,female
Alexandria,female
Alexandro,male
Alexia,female
Alexina,female
Alexis,female
Alexis,male
Alexus,female
Alexys,female
Alexzander,male
Alf,male
Alferd,male
Alfie,male
Alfonse,male
Alfonso,male
Alfonzo,male
Alford,male
Alfred,female
Alfred,male
Alfreda,female
Alfredo,male
Alger,male
Algernon,male
Algie,male
Algot,male
Ali,female
Ali,male
Alia,female
Aliana,female
Alice,female
Alice,male
Alicia,female
Alida,female
Alijah,male
Alina,female
Aline,female
Alisa,female
Alisha,female
Alison,female
Alissa,female
Alisson,female
Alivia,female
Aliya,female
Aliyah,female
Aliza,female
Alize,female
Alla,female
Allan,male
Allean,female
Alleen,female
Allen,male
Allena,female
Allene,female
Allie,female
Allie,male
Alline,female
Allison,female
Allison,male
Allisson,female
Ally,female
Allyn,female
Allyn,male
Allyson,female
Allyssa,female
Alma,female
Alma,male
Almeda,female
Almedia,female
Almer,male
Almeta,female
Almina,female
Almira,female
Almon,male
Almond,male
Almus,male
Almyra,female
Alois,male
Aloma,female
Alondra,female
Alonso,male
Alonza,male
Alonzo,male
Aloys,male
Aloysius,male
Alpha,female
Alpha,male
Alpheus,male
Alphons,male
Alphonse,male
Alphonsine,female
Alphonso,male
Alphonsus,male
Alston,male
Alta,female
Alta,male
Altha,female
Althea,female
Altie,female
Alto,male
Alton,male
Alva,female
Alva,male
Alvah,male
Alvan,male
Alvaro,male
Alvena,female
Alver,male
Alvera,female
Alverda,female
Alverta,female
Alvia,male
Alvie,male
Alvin,male
Alvina,female
Alvira,female
Alvis,male
Alvy,male
Alwilda,female
Alwin,male
Alwina,female
Alwine,female
Alyce,female
Alycia,female
Alys,female
Alysa,female
Alyse,female
Alysha,female
Alysia,female
Alyson,female
Alyssa,female
Alyssia,female
Alyvia,female
Alzina,female
Ama,female
Amado,male
Amalia,female
Amalie,female
Amanda,female
Amanda,male
Amani,female
Amara,female
Amare,male
Amari,female
Amari,male
Amarion,male
Amaris,female
Amasa,male
Amaya,female
Amber,female
Amberly,female
Ambers,male
Ambrose,male
Amelia,female
Amelie,female
America,female
Americo,male
Amerigo,male
Amey,female
Ami,female
Amiah,female
Amie,female
Amil,male
Amin,male
Amina,female
Amir,male
Amira,female
Amirah,female
Amit,male
Amiya,female
Amiyah,female
Amma,female
Ammie,female
Ammon,male
Amon,male
Amos,male
Amparo,female
Amy,female
Amy,male
Amya,female
Ana,female
Anabel,female
Anabella,female
Anabelle,female
Anahi,female
Anais,female
Ananias,male
Anastacia,female
Anastacio,male
Anastasia,female
Anatole,male
Anaya,female
Ancel,male
Ancil,male
Anders,male
Anderson,male
Andon,male
Andra,female
Andra,male
Andrae,male
Andre,male
Andrea,female
Andrea,male
Andreas,male
Andres,male
Andrew,female
Andrew,male
Andria,female
Andy,male
Anfernee,male
Angel,female
Angel,male
Angela,female
Angela,male
Angele,female
Angeles,female
Angelia,female
Angelic,female
Angelica,female
Angelina,female
Angeline,female
Angelique,female
Angelita,female
Angella,female
Angelo,male
Angie,female
Angus,male
Anibal,male
Anice,female
Anie,female
Anika,female
Anissa,female
Anita,female
Anitra,female
Aniya,female
Aniyah,female
Anjali,female
Anjanette,female
Anjelica,female
Ann,female
Ann,male
Anna,female
Anna,male
Annabel,female
Annabell,female
Annabella,female
Annabelle,female
Annalise,female
Annamae,female
Annamarie,female
Anne,female
Anneliese,female
Annemarie,female
Anner,female
Annetta,female
Annette,female
Annice,female
Annie,female
Annie,male
Annika,female
Annis,female
Annmarie,female
Anona,female
Ansel,male
Ansley,female
Anson,male
Anthoney,male
Anthony,female
Anthony,male
Antione,male
Antionette,female
Antoine,male
Antoinette,female
Anton,male
Antone,male
Antonetta,female
Antonette,female
Antonia,female
Antonia,male
Antonina,female
Antonio,male
Antony,male
Antwain,male
Antwan,male
Antwon,male
Anwar,male
Anya,female
April,female
Ara,female
Arabella,female
Araceli,female
Aracely,female
Arah,female
Araminta,female
Arba,male
Arbie,male
Arch,male
Archer,male
Archibald,male
Archie,female
Archie,male
Ardath,female
Ardelia,female
Ardell,female
Ardell,male
Ardella,female
Ardelle,female
Arden,female
Arden,male
Ardeth,female
Ardis,female
Ardith,female
Ardyce,female
Areli,female
Arely,female
Aretha,female
Argie,female
Ari,male
Aria,female
Ariana,female
Ariane,female
Arianna,female
Aric,male
Arie,female
Ariel,female
Ariel,male
Ariella,female
Arielle,female
Arietta,female
Arizona,female
Arjun,male
Arkie,female
Arla,female
Arlan,male
Arland,male
Arleen,female
Arlen,male
Arlena,female
Arlene,female
Arleth,female
Arletta,female
Arley,female
Arley,male
Arlie,female
Arlie,male
Arlin,male
Arline,female
Arlington,male
Arlis,male
Arlo,male
Arly,female
Arlyn,male
Arlyne,female
Arman,male
Armand,male
Armando,male
Armani,female
Armani,male
Armida,female
Armin,male
Arminda,female
Arminta,female
Armond,male
Armstead,male
Arnav,male
Arne,male
Arnett,male
Arnetta,female
Arnie,male
Arno,male
Arnold,male
Arnoldo,male
Arnulfo,male
Aron,male
Arra,female
Arrie,female
Arron,male
Arsenio,male
Art,male
Arta,female
Artelia,female
Arther,male
Arthor,male
Arthur,female
Arthur,male
Artie,female
Artie,male
Artis,male
Arturo,male
Arvel,male
Arvid,male
Arvil,male
Arvilla,female
Arvin,male
Arvo,male
Aryan,male
Aryana,female
Aryanna,female
Asa,male
Asberry,male
Asbury,male
Asha,female
Ashanti,female
Ashby,male
Ashely,female
Asher,male
Ashlea,female
Ashlee,female
Ashleigh,female
Ashley,female
Ashley,male
Ashli,female
Ashlie,female
Ashly,female
Ashlyn,female
Ashlynn,female
Ashton,female
Ashton,male
Ashtyn,female
Asia,female
Ason,female
Aspen,female
Assunta,female
Astrid,female
Atha,female
Atha,male
Athena,female
Atlas,male
Atticus,male
Attie,female
Attilio,male
Aubra,male
Aubree,female
Aubrey,female
Aubrey,male
Aubrie,female
Audie,female
Audie,male
Audley,male
Audra,female
Audrey,female
Audrey,male
Audriana,female
Audrianna,female
Audrina,female
Audry,female
Audy,male
August,male
Augusta,female
Augusta,male
Auguste,male
Augustin,male
Augustina,female
Augustine,female
Augustine,male
Augustus,male
Aura,female
Aurelia,female
Aurelio,male
Aurilla,female
Aurora,female
Aurore,female
Aurthur,male
Austen,male
Austin,female
Austin,male
Auston,male
Austyn,male
Auther,male
Author,male
Authur,male
Autry,male
Autumn,female
Ava,female
Avah,female
Averi,female
Averie,female
Avery,female
Avery,male
Avie,female
Avis,female
Avon,male
Axel,male
Ayaan,male
Ayana,female
Ayanna,female
Aydan,male
Ayden,male
Aydin,male
Ayesha,female
Ayla,female
Aylin,female
Azalee,female
Azaria,female
Azul,female
Azzie,female
Babe,male
Babette,female
Baby,female
Baby,male
Bailee,female
Bailey,female
Bailey,male
Baker,male
Baldwin,male
Ballard,male
Bama,female
Bambi,female
Banks,male
Barb,female
Barbara,female
Barbara,male
Barbie,female
Barbra,female
Barnard,male
Barnett,male
Barney,male
Barnie,male
Baron,male
Barrett,male
Barrie,male
Barron,male
Barry,male
Bart,male
Bartholomew,male
Bartley,male
Barton,male
Bascom,male
Basil,male
Baxter,male
Bayard,male
Baylee,female
Baylie,female
Bea,female
Beadie,female
Beatrice,female
Beatrice,male
Beatrix,female
Beatriz,female
Beau,male
Beaulah,female
Bebe,female
Beckett,male
Beckham,male
Beckie,female
Becky,female
Beda,female
Bedford,male
Bee,female
Bee,male
Beecher,male
Belen,female
Belia,female
Belinda,female
Bell,female
Bell,male
Bella,female
Belle,female
Belton,male
Belva,female
Ben,male
Bena,female
Benard,male
Benedict,male
Benita,female
Benito,male
Benjaman,male
Benjamen,male
Benjamin,male
Benjamine,male
Benji,male
Benjiman,male
Benjman,male
Bennett,male
Bennie,female
Bennie,male
Benny,male
Benson,male
Bentley,male
Benton,male
Berdie,female
Berenice,female
Berkley,male
Berlin,male
Bernadette,female
Bernadine,female
Bernard,male
Bernardine,female
Bernardo,male
Berneice,female
Bernetta,female
Bernhard,male
Bernice,female
Bernice,male
Bernie,male
Berniece,female
Bernita,female
Berry,male
Bert,female
Bert,male
Berta,female
Bertha,female
Bertha,male
Bertie,female
Bertie,male
Bertina,female
Berton,male
Bertram,male
Bertrand,male
Beryl,female
Beryl,male
Bess,female
Besse,female
Bessie,female
Bessie,male
Beth,female
Betha,female
Bethann,female
Bethany,female
Bethel,female
Bethel,male
Bethzy,female
Betsey,female
Betsy,female
Bette,female
Bettie,female
Bettina,female
Betty,female
Betty,male
Bettye,female
Bettyjane,female
Bettylou,female
Beula,female
Beulah,female
Beulah,male
Bev,female
Beverlee,female
Beverley,female
Beverly,female
Beverly,male
Beyonce,female
Bianca,female
Biddie,female
Bilal,male
Bill,male
Billie,female
Billie,male
Billy,female
Billy,male
Billye,female
Bina,female
Bird,female
Bird,male
Birdella,female
Birdie,female
Birt,male
Birtha,female
Birtie,female
Bishop,male
Bjorn,male
Blain,male
Blaine,male
Blair,female
Blair,male
Blaise,male
Blake,female
Blake,male
Blanca,female
Blanch,female
Blanchard,male
Blanche,female
Blanche,male
Blanchie,female
Blane,male
Blas,male
Blaze,male
Bliss,male
Blossom,female
Bluford,male
Bo,male
Bob,male
Bobbi,female
Bobbie,female
Bobbie,male
Bobby,female
Bobby,male
Bobbye,female
Bode,male
Bolden,male
Bonita,female
Bonnie,female
Bonnie,male
Bonny,female
Booker,male
Boone,male
Boris,male
Bose,male
Boss,male
Boston,male
Bowman,male
Brad,male
Braden,male
Bradford,male
Bradley,male
Bradly,male
Brady,male
Bradyn,male
Braeden,male
Braedon,male
Braelyn,female
Braiden,male
Brain,male
Branch,male
Brandan,male
Brande,female
Brandee,female
Branden,male
Brandi,female
Brandie,female
Brandin,male
Brandon,female
Brandon,male
Brandt,male
Brandy,female
Brandy,male
Brandyn,male
Brannon,male
Branson,male
Brant,male
Brantley,male
Braulio,male
Braxton,male
Brayan,male
Brayden,male
Braydon,male
Braylen,male
Braylon,male
Brea,female
Breana,female
Breann,female
Breanna,female
Breanne,female
Bree,female
Brenda,female
Brenda,male
Brendan,male
Brenden,male
Brendon,male
Brenna,female
Brennan,male
Brennen,male
Brennon,male
Brent,male
Brenton,male
Breonna,female
Bret,male
Brett,female
Brett,male
Bria,female
Brian,female
Brian,male
Briana,female
Brianda,female
Brianna,female
Brianne,female
Brice,male
Bridger,male
Bridget,female
Bridgett,female
Bridgette,female
Brielle,female
Brien,male
Brigette,female
Brigid,female
Brigitte,female
Briley,female
Brinda,female
Brion,male
Brionna,female
Brisa,female
Britany,female
Britney,female
Britni,female
Britny,female
Britt,female
Britt,male
Britta,female
Brittaney,female
Brittani,female
Brittanie,female
Brittany,female
Brittany,male
Brittnay,female
Brittnee,female
Brittney,female
Brittni,female
Brittnie,female
Brittny,female
Britton,male
Brock,male
Broderick,male
Brodie,male
Brody,male
Brogan,male
Bronson,male
Brook,female
Brook,male
Brooke,female
Brooklyn,female
Brooklynn,female
Brooks,male
Brown,male
Bruce,male
Bruno,male
Bryan,male
Bryana,female
Bryanna,female
Bryant,male
Bryce,male
Brycen,male
Brylee,female
Bryn,female
Brynlee,female
Brynn,female
Bryon,male
Bryson,male
Bryton,male
Buck,male
Bud,male
Budd,male
Buddie,male
Buddy,male
Buel,male
Buelah,female
Buell,male
Buena,female
Buffy,female
Buford,male
Bula,female
Bulah,female
Buna,female
Bunk,male
Burdette,male
Buren,male
Burgess,male
Burk,male
Burke,male
Burl,male
Burleigh,male
Burley,male
Burnell,male
Burnett,male
Burney,male
Burnice,female
Burnice,male
Burnie,male
Burns,male
Burr,male
Burrel,male
Burrell,male
Burt,male
Burton,male
Bush,male
Buster,male
Butch,male
Butler,male
Bynum,male
Byrd,female
Byrd,male
Byrdie,female
Byron,male
Caddie,female
Cade,male
Caden,male
Cadence,female
Cael,male
Caesar,male
Caiden,male
Cailyn,female
Cain,male
Caitlin,female
Caitlyn,female
Caitlynn,female
Cal,male
Caldonia,female
Cale,male
Caleb,male
Caleigh,female
Calhoun,male
Cali,female
Calista,female
Calla,female
Callie,female
Callie,male
Callum,male
Calvin,male
Cam,male
Camden,male
Cameron,female
Cameron,male
Cami,female
Camila,female
Camilla,female
Camille,female
Camille,male
Camisha,female
Cammie,female
Campbell,female
Campbell,male
Camren,male
Camron,male
Camryn,female
Camryn,male
Candace,female
Candi,female
Candice,female
Candida,female
Candido,male
Candis,female
Candy,female
Candyce,female
Cannie,female
Cannon,male
Canyon,male
Cap,male
Capitola,female
Cappie,female
Caprice,female
Captain,male
Cara,female
Caren,female
Carey,female
Carey,male
Cari,female
Carie,female
Carin,female
Carina,female
Carisa,female
Carissa,female
Carl,female
Carl,male
Carla,female
Carlee,female
Carleen,female
Carleigh,female
Carlene,female
Carleton,male
Carley,female
Carli,female
Carlie,female
Carlie,male
Carlisle,male
Carlo,male
Carlos,male
Carlota,female
Carlotta,female
Carlton,male
Carly,female
Carlyle,male
Carlyn,female
Carma,female
Carmel,female
Carmel,male
Carmela,female
Carmelita,female
Carmella,female
Carmelo,male
Carmen,female
Carmen,male
Carmine,male
Carnell,male
Caro,female
Carol,female
Carol,male
Carolann,female
Carole,female
Carolee,female
Carolina,female
Caroline,female
Caroline,male
Carolyn,female
Carolyn,male
Carolyne,female
Carolynn,female
Caron,female
Carra,female
Carri,female
Carrie,female
Carrie,male
Carrol,female
Carrol,male
Carroll,female
Carroll,male
Carry,female
Carsen,male
Carson,female
Carson,male
Carter,male
Cary,female
Cary,male
Caryl,female
Caryn,female
Cas,male
Casandra,female
Case,male
Casey,female
Casey,male
Cash,male
Casie,female
Casimer,male
Casimir,male
Casimiro,male
Cason,male
Casper,male
Cass,male
Cassandra,female
Cassidy,female
Cassidy,male
Cassie,female
Cassie,male
Cassius,male
Cassondra,female
Caswell,male
Catalina,female
Catharine,female
Catherine,female
Catherine,male
Cathern,female
Cathey,female
Cathi,female
Cathie,female
Cathleen,female
Cathrine,female
Cathryn,female
Cathy,female
Catina,female
Cato,male
Catrina,female
Cayden,male
Cayla,female
Caylee,female
Ceasar,male
Cecelia,female
Cecil,female
Cecil,male
Cecile,female
Cecilia,female
Cecily,female
Cedric,male
Cedrick,male
Ceil,female
Celena,female
Celesta,female
Celeste,female
Celestia,female
Celestine,female
Celestino,male
Celia,female
Celie,female
Celina,female
Celine,female
Cena,female
Ceola,female
Cephus,male
Cesar,male
Ceylon,male
Chace,male
Chad,male
Chadd,male
Chadrick,male
Chadwick,male
Chaim,male
Chaka,female
Chalmer,male
Chalmers,male
Champ,male
Chana,female
Chance,male
Chancey,male
Chancy,male
Chanda,female
Chandler,female
Chandler,male
Chandra,female
Chanel,female
Chanelle,female
Chaney,female
Chanie,female
Channie,female
Channing,female
Channing,male
Chantal,female
Chante,female
Chantel,female
Chantelle,female
Charissa,female
Charisse,female
Charity,female
Charla,female
Charle,male
Charlee,female
Charleen,female
Charlene,female
Charles,female
Charles,male
Charley,male
Charlie,female
Charlie,male
Charline,female
Charlize,female
Charlotta,female
Charlotte,female
Charlottie,female
Charls,male
Charlsie,female
Charlton,male
Charly,male
Charmaine,female
Charolette,female
Chas,male
Chase,female
Chase,male
Chasity,female
Chastity,female
Chauncey,male
Chauncy,male
Chaya,female
Chaz,male
Che,male
Chelsea,female
Chelsey,female
Chelsi,female
Chelsie,female
Chelsy,female
Cher,female
Cherelle,female
Cheri,female
Cherie,female
Cherilyn,female
Cherise,female
Cherish,female
Cherrelle,female
Cherri,female
Cherrie,female
Cherry,female
Cherryl,female
Cheryl,female
Cheryl,male
Cheryle,female
Cheryll,female
Chesley,male
Chessie,female
Chester,female
Chester,male
Chestina,female
Chet,male
Cheyanne,female
Cheyenne,female
Cheyenne,male
Chimere,female
Chin,male
China,female
Chip,male
Chiquita,female
Chloe,female
Chloie,female
Chris,female
Chris,male
Chrissie,female
Chrissy,female
Christ,male
Christa,female
Christal,female
Christeen,female
Christel,female
Christen,female
Christena,female
Christene,female
Christi,female
Christian,female
Christian,male
Christiana,female
Christie,female
Christin,female
Christina,female
Christina,male
Christine,female
Christion,male
Christop,male
Christoper,male
Christopher,female
Christopher,male
Christy,female
Christy,male
Chrystal,female
Chuck,male
Chyna,female
Chynna,female
Ciara,female
Ciarra,female
Cicely,female
Cicero,male
Cielo,female
Ciera,female
Cierra,female
Ciji,female
Cilla,female
Cinda,female
Cindi,female
Cindy,female
Cinnamon,female
Cinthia,female
Citlali,female
Citlalli,female
Clabe,male
Claiborne,male
Clair,female
Clair,male
Claire,female
Claire,male
Clara,female
Clara,male
Clarabelle,female
Clarance,male
Clare,female
Clare,male
Clarence,female
Clarence,male
Claribel,female
Clarice,female
Clarinda,female
Clarine,female
Clarisa,female
Clarissa,female
Clark,male
Clarke,male
Clarnce,male
Classie,female
Claud,male
Claude,female
Claude,male
Claudette,female
Claudia,female
Claudie,female
Claudie,male
Claudine,female
Claudio,male
Claudius,male
Claus,male
Clay,male
Clayton,male
Clearence,male
Cleave,male
Cleda,female
Clell,male
Clella,female
Clem,female
Clem,male
Clemence,female
Clemence,male
Clemens,male
Clement,male
Clemente,male
Clementina,female
Clementine,female
Clemie,female
Clemma,female
Clemmie,female
Clemmie,male
Clemon,male
Cleo,female
Cleo,male
Cleola,female
Cleon,male
Cleone,female
Cleora,female
Cleta,female
Cletus,male
Cleva,female
Cleve,male
Cleveland,male
Clevie,female
Clide,male
Cliff,male
Cliffie,female
Clifford,female
Clifford,male
Clifton,male
Clint,male
Clinton,male
Clive,male
Cloe,female
Clora,female
Clotilda,female
Clotilde,female
Clovis,male
Cloyd,male
Clyda,female
Clyde,female
Clyde,male
Clydie,female
Clytie,female
Coby,male
Codey,male
Codi,male
Codie,male
Cody,female
Cody,male
Coen,male
Cohen,male
Colbert,male
Colby,male
Cole,male
Coleen,female
Coleman,male
Coleton,male
Coletta,female
Colette,female
Coley,male
Colie,male
Colin,male
Colleen,female
Collette,female
Collie,male
Collier,male
Collin,male
Collins,male
Collis,male
Colon,male
Colonel,male
Colt,male
Colten,male
Colter,male
Colton,male
Columbia,female
Columbus,male
Colvin,male
Commodore,male
Con,male
Conard,male
Concepcion,female
Concetta,female
Concha,female
Conley,male
Conner,male
Connie,female
Connie,male
Connor,male
Conor,male
Conrad,male
Constance,female
Constantine,male
Consuela,female
Consuelo,female
Contina,female
Conway,male
Coolidge,male
Cooper,male
Cora,female
Cora,male
Coraima,female
Coral,female
Coralie,female
Corbett,male
Corbin,male
Corda,female
Cordaro,male
Cordelia,female
Cordell,male
Cordella,female
Cordero,male
Cordia,female
Cordie,female
Corean,female
Corene,female
Coretta,female
Corey,female
Corey,male
Cori,female
Corie,female
Corina,female
Corine,female
Corinna,female
Corinne,female
Corliss,female
Cornel,male
Cornelia,female
Cornelious,male
Cornelius,male
Cornell,male
Cornie,female
Corrie,female
Corrina,female
Corrine,female
Corry,male
Cortez,male
Cortney,female
Cortney,male
Corwin,male
Cory,female
Cory,male
Cosmo,male
Coty,male
Council,male
Courtland,male
Courtney,female
Courtney,male
Coy,male
Craig,male
Crawford,male
Creed,male
Creola,female
Cressie,female
Crete,female
Cris,male
Crissie,female
Crissy,female
Crista,female
Cristal,female
Cristen,female
Cristi,female
Cristian,male
Cristin,female
Cristina,female
Cristine,female
Cristobal,male
Cristofer,male
Cristopher,male
Cristy,female
Crockett,male
Cruz,female
Cruz,male
Crysta,female
Crystal,female
Crystal,male
Cuba,female
Cullen,male
Curley,male
Curt,male
Curtis,male
Curtiss,male
Cydney,female
Cyndi,female
Cyntha,female
Cynthia,female
Cynthia,male
Cyril,male
Cyrus,male
Dabney,male
Dafne,female
Dagmar,female
Dagny,female
Dahlia,female
Daija,female
Daijah,female
Daisey,female
Daisha,female
Daisie,female
Daisy,female
Daisy,male
Daisye,female
Daja,female
Dakoda,male
Dakota,female
Dakota,male
Dakotah,male
Dale,female
Dale,male
Dalia,female
Dallas,female
Dallas,male
Dallin,male
Dalton,male
Dalvin,male
Damarcus,male
Damari,male
Damarion,male
Damaris,female
Dameon,male
Damian,male
Damien,male
Damion,male
Damon,male
Damond,male
Dan,male
Dana,female
Dana,male
Danae,female
Dandre,male
Dane,male
Daneen,female
Danelle,female
Danette,female
Dangelo,male
Dani,female
Dania,female
Danial,male
Danica,female
Daniel,female
Daniel,male
Daniela,female
Daniele,female
Daniella,female
Danielle,female
Danielle,male
Danika,female
Danita,female
Dann,male
Danna,female
Dannie,female
Dannie,male
Danniel,male
Dannielle,female
Danny,male
Dante,male
Danyel,female
Danyell,female
Danyelle,female
Daphne,female
Daquan,male
Dara,female
Darby,female
Darby,male
Darci,female
Darcie,female
Darcy,female
Darcy,male
Darell,male
Daren,male
Daria,female
Darian,female
Darian,male
Dariana,female
Darien,male
Darin,male
Dario,male
Darion,male
Darius,male
Darl,male
Darla,female
Darleen,female
Darlene,female
Darline,female
Darlyne,female
Darnell,male
Darold,male
Daron,male
Darrel,male
Darrell,male
Darren,male
Darrian,male
Darrick,male
Darrien,male
Darrin,male
Darrion,male
Darrius,male
Darron,male
Darry,male
Darryl,male
Darryle,male
Darryll,male
Darryn,male
Darvin,male
Darwin,male
Darwyn,male
Daryl,female
Daryl,male
Daryle,male
Daryn,male
Dashawn,male
Dasia,female
Daulton,male
Daunte,male
Davante,male
Dave,female
Dave,male
Davey,male
Davian,male
David,female
David,male
Davie,male
Davin,male
Davina,female
Davion,male
Davis,male
Davon,male
Davonta,male
Davonte,male
Davy,male
Dawn,female
Dawna,female
Dawne,female
Dawson,male
Dax,male
Daxton,male
Dayami,female
Dayana,female
Dayanara,female
Dayle,female
Dayna,female
Dayne,male
Dayse,female
Dayton,male
Deacon,male
Dean,female
Dean,male
Deana,female
Deandra,female
Deandre,male
Deane,male
Deangelo,male
Deann,female
Deanna,female
Deanne,female
Deante,male
Deasia,female
Deb,female
Debbi,female
Debbie,female
Debbra,female
Debby,female
Debera,female
Debi,female
Debora,female
Deborah,female
Deborah,male
Deborrah,female
Debra,female
Debra,male
Debrah,female
Debroah,female
Declan,male
Dedra,female
Dedric,male
Dedrick,male
Dee,female
Dee,male
Deeann,female
Deedee,female
Deegan,male
Deena,female
Deetta,female
Deforest,male
Deidra,female
Deidre,female
Deion,male
Deirdre,female
Deja,female
Dejah,female
Dejon,male
Dejuan,male
Del,male
Delaney,female
Delano,male
Delbert,male
Delcie,female
Delfina,female
Delia,female
Deliah,female
Delila,female
Delilah,female
Delina,female
Delinda,female
Delisa,female
Dell,female
Dell,male
Della,female
Della,male
Dellar,female
Delle,female
Dellia,female
Dellie,female
Delma,female
Delma,male
Delmar,male
Delmas,male
Delmer,male
Delmus,male
Delois,female
Delora,female
Delores,female
Deloris,female
Delos,male
Delpha,female
Delphia,female
Delphin,male
Delphine,female
Delsie,female
Delta,female
Delton,male
Delvin,male
Delwin,male
Dema,female
Demarco,male
Demarcus,male
Demario,male
Demarion,male
Demetra,female
Demetri,male
Demetria,female
Demetric,male
Demetrios,male
Demetrius,male
Demi,female
Demian,male
Demond,male
Demonte,male
Dempsey,male
Dena,female
Deneen,female
Denese,female
Denice,female
Denine,female
Denis,male
Denise,female
Denisha,female
Denisse,female
Denita,female
Dennie,female
Dennie,male
Dennis,female
Dennis,male
Denny,male
Denton,male
Denver,male
Denzel,male
Denzell,male
Denzil,male
Deon,male
Deondre,male
Deonta,male
Deontae,male
Deonte,male
Dequan,male
Derald,male
Dereck,male
Derek,male
Dereon,male
Deric,male
Derick,male
Derik,male
Derl,male
Deron,male
Derrek,male
Derrell,male
Derrick,male
Derwin,male
Deryl,male
Desean,male
Deshaun,male
Deshawn,male
Desi,male
Desirae,female
Desiree,female
Desmond,male
Dessa,female
Dessie,female
Dessie,male
Destany,female
Destin,male
Destinee,female
Destiney,female
Destini,female
Destiny,female
Destry,male
Devan,female
Devan,male
Devante,male
Devaughn,male
Deven,male
Devin,female
Devin,male
Devon,female
Devon,male
Devonta,male
Devontae,male
Devonte,male
Devyn,female
Devyn,male
Deward,male
Dewayne,male
Dewey,female
Dewey,male
Dewitt,male
Dexter,male
Deyanira,female
Dezzie,female
Diallo,male
Diamond,female
Diamond,male
Dian,female
Diana,female
Diandra,female
Diane,female
Diane,male
Diann,female
Dianna,female
Dianne,female
Dicie,female
Dick,male
Dickie,male
Dicy,female
Diego,male
Dijon,male
Dillan,male
Dillard,male
Dillie,female
Dillion,male
Dillon,male
Dimitri,male
Dimitrios,male
Dimple,female
Dina,female
Dinah,female
Dink,male
Dino,male
Dion,male
Dione,female
Dionicio,male
Dionne,female
Dionte,male
Dirk,male
Dixie,female
Dixie,male
Dixon,male
Diya,female
Djuana,female
Djuna,female
Doc,male
Docia,female
Dock,male
Doctor,male
Dola,female
Doll,male
Dollie,female
Dolly,female
Dollye,female
Dolores,female
Dolores,male
Doloris,female
Dolph,male
Dolphus,male
Domenic,male
Domenica,female
Domenick,male
Domenico,male
Dominga,female
Domingo,male
Dominic,male
Dominick,male
Dominik,male
Dominique,female
Dominique,male
Dominque,female
Dominque,male
Domonique,female
Domonique,male
Don,male
Dona,female
Donaciano,male
Donal,male
Donald,female
Donald,male
Donat,male
Donato,male
Donavan,male
Donavon,male
Dondre,male
Donell,male
Donia,female
Donie,female
Donita,female
Donn,male
Donna,female
Donna,male
Donnell,male
Donnie,female
Donnie,male
Donny,male
Donovan,male
Donta,male
Dontae,male
Donte,male
Dora,female
Dora,male
Dorathea,female
Dorathy,female
Dorcas,female
Doreen,female
Dorene,female
Doretha,female
Doretta,female
Dori,female
Dorian,male
Dorinda,female
Dorine,female
Doris,female
Doris,male
Dorla,female
Dorman,male
Dorotha,female
Dorothea,female
Dorothy,female
Dorothy,male
Dorr,male
Dorris,female
Dorris,male
Dorsey,male
Dortha,female
Dorthea,female
Dorthey,female
Dorthy,female
Dosha,female
Doshia,female
Doshie,female
Dosia,female
Doss,male
Dossie,female
Dot,female
Dottie,female
Dotty,female
Doug,male
Douglas,male
Douglass,male
Dove,female
Dovie,female
Dow,male
Doyle,male
Dozier,male
Drake,male
Draven,male
Drema,female
Drew,female
Drew,male
Drucilla,female
Drury,male
Drusilla,female
Duane,male
Duard,male
Dudley,male
Duff,male
Duke,male
Dulce,female
Dulcie,female
Duncan,male
Durell,male
Durrell,male
Durward,male
Durwood,male
Dustan,male
Dustin,male
Dusty,female
Dusty,male
Duwayne,male
Dwain,male
Dwaine,male
Dwan,female
Dwane,male
Dwayne,male
Dwight,male
Dwyane,male
Dyan,female
Dylan,female
Dylan,male
Dyllan,male
Dylon,male
Ean,male
Earl,female
Earl,male
Earle,male
Earlean,female
Earlene,female
Earley,male
Earlie,female
Earlie,male
Earline,female
Early,male
Earnest,male
Earnestine,female
Eartha,female
Easter,female
Easton,male
Eathel,female
Ebb,male
Ebba,female
Ebbie,male
Eben,male
Ebenezer,male
Eber,male
Ebert,male
Eboni,female
Ebony,female
Echo,female
Ed,male
Eda,female
Edd,male
Eddie,female
Eddie,male
Eddy,male
Eden,female
Eden,male
Edgar,female
Edgar,male
Edgardo,male
Edie,female
Edie,male
Edison,male
Edith,female
Edith,male
Edla,female
Edmon,male
Edmond,male
Edmonia,female
Edmund,male
Edna,female
Edna,male
Ednah,female
Edra,female
Edrie,female
Edris,female
Edsel,male
Edson,male
Eduardo,male
Edw,male
Edward,female
Edward,male
Edwardo,male
Edwin,male
Edwina,female
Edyth,female
Edythe,female
Effa,female
Effie,female
Effie,male
Efrain,male
Efrem,male
Efren,male
Egbert,male
Eileen,female
Einar,male
Eino,male
Eithel,female
Ela,female
Elaina,female
Elaine,female
Elam,male
Elana,female
Elayne,female
Elba,female
Elbert,male
Elberta,female
Elbridge,male
Elby,male
Elda,female
Elden,male
Elder,male
Eldon,male
Eldora,female
Eldred,male
Eldridge,male
Eleanor,female
Eleanor,male
Eleanora,female
Eleanore,female
Elease,female
Electa,female
Elena,female
Eleni,female
Elenor,female
Elenora,female
Elenore,female
Eleonora,female
Eleonore,female
Elex,male
Elfie,female
Elfreda,female
Elfrieda,female
Elgie,female
Elgie,male
Elgin,male
Eli,male
Elia,female
Elian,male
Eliana,female
Elianna,female
Elias,male
Elick,male
Elida,female
Elie,male
Eliezer,male
Eliga,male
Eligah,male
Elige,male
Elihu,male
Elijah,male
Elinor,female
Elinore,female
Eliot,male
Elisa,female
Elisabeth,female
Elise,female
Eliseo,male
Elisha,female
Elisha,male
Elissa,female
Eliza,female
Eliza,male
Elizabet,female
Elizabeth,female
Elizabeth,male
Elizah,male
Elizbeth,female
Elizebeth,female
Ell,male
Ella,female
Ella,male
Ellamae,female
Ellar,female
Elle,female
Ellen,female
Ellen,male
Eller,female
Ellery,male
Elliana,female
Ellie,female
Ellie,male
Elliot,male
Elliott,male
Ellis,female
Ellis,male
Ellison,male
Ellsworth,male
Ellwood,male
Ellyn,female
Elma,female
Elmer,female
Elmer,male
Elmina,female
Elmira,female
Elmire,female
Elmo,male
Elmore,male
Elmyra,female
Elna,female
Elnora,female
Elodie,female
Elois,female
Eloisa,female
Eloise,female
Elon,male
Elonzo,male
Elouise,female
Eloy,male
Elroy,male
Elsa,female
Else,female
Elsie,female
Elsie,male
Elsworth,male
Elta,female
Elton,male
Elva,female
Elva,male
Elvera,female
Elvia,female
Elvie,female
Elvie,male
Elvin,male
Elvina,female
Elvira,female
Elvis,male
Elwanda,female
Elwin,male
Elwood,male
Elwyn,male
Ely,male
Elyse,female
Elyssa,female
Elza,female
Elza,male
Elzada,female
Elzie,female
Elzie,male
Elzy,male
Ema,female
Emaline,female
Emanuel,male
Emelia,female
Emelie,female
Emeline,female
Emely,female
Emerald,female
Emerson,female
Emerson,male
Emery,female
Emery,male
Emett,male
Emil,male
Emile,male
Emilee,female
Emilia,female
Emiliano,male
Emilie,female
Emilio,male
Emily,female
Emit,male
Emma,female
Emma,male
Emmalee,female
Emmaline,female
Emmanuel,male
Emmer,female
Emmet,male
Emmett,male
Emmie,female
Emmit,male
Emmitt,male
Emmons,male
Emmy,female
Emogene,female
Emory,male
Emry,male
Ena,female
Encarnacion,male
Enid,female
Ennis,male
Enoch,male
Enola,female
Enos,male
Enrico,male
Enrique,male
Enriqueta,female
Enzo,male
Eola,female
Ephraim,male
Ephram,male
Ephriam,male
Epifanio,male
Eppie,female
Epsie,female
Era,female
Erasmo,male
Erasmus,male
Erastus,male
Erby,male
Eric,female
Eric,male
Erica,female
Erich,male
Erick,male
Ericka,female
Erie,female
Erie,male
Erik,male
Erika,female
Erin,female
Erin,male
Eris,female
Erla,female
Erland,male
Erle,male
Erlene,female
Erlinda,female
Erline,female
Erling,male
Erma,female
Ermina,female
Ermine,female
Erna,female
Ernest,female
Ernest,male
Ernestina,female
Ernestine,female
Ernesto,male
Ernie,male
Ernst,male
Errol,male
Ervin,male
Erving,male
Erwin,male
Erykah,female
Eryn,female
Esau,male
Esco,male
Esequiel,male
Esker,male
Esley,male
Esmeralda,female
Esperanza,female
Essa,female
Essence,female
Essex,male
Essie,female
Essie,male
Esta,female
Esta,male
Esteban,male
Estefani,female
Estefania,female
Estefany,female
Estel,male
Estela,female
Estell,female
Estell,male
Estella,female
Estelle,female
Ester,female
Ester,male
Estes,male
Estevan,male
Esther,female
Esther,male
Estie,female
Estill,male
Eston,male
Estrella,female
Etha,female
Ethan,male
Ethel,female
Ethel,male
Ethelbert,male
Ethelene,female
Ethelyn,female
Ethen,male
Ether,female
Ethie,female
Ethyl,female
Ethyle,female
Etna,female
Etta,female
Etter,female
Ettie,female
Eudora,female
Eugene,female
Eugene,male
Eugenia,female
Eugenie,female
Eugenio,male
Eula,female
Eula,male
Eulah,female
Eulalia,female
Eulalie,female
Euna,female
Eunice,female
Eunice,male
Euphemia,female
Eura,female
Eusebio,male
Eustace,male
Eva,female
Eva,male
Evalena,female
Evaline,female
Evalyn,female
Evan,male
Evander,male
Evangelina,female
Evangeline,female
Evans,male
Eve,female
Evelena,female
Evelin,female
Evelina,female
Eveline,female
Evelyn,female
Evelyn,male
Evelyne,female
Ever,female
Everet,male
Everett,male
Everette,male
Evert,male
Evertt,male
Evette,female
Evia,female
Evie,female
Evita,female
Evon,female
Evonne,female
Ewald,male
Ewart,male
Ewell,male
Ewin,male
Ewing,male
Exa,female
Exie,female
Ezekiel,male
Ezell,male
Ezequiel,male
Ezra,male
Ezzard,male
Fabian,male
Fabiola,female
Fae,female
Fairy,female
Faith,female
Fallon,female
Falon,female
Fannie,female
Fannie,male
Fanny,female
Fannye,female
Farah,female
Faron,male
Farrah,female
Farrell,male
Farris,male
Fate,male
Fatima,female
Faustino,male
Fawn,female
Fay,female
Fay,male
Faye,female
Fayette,male
Fed,male
Federico,male
Felecia,female
Felice,female
Felicia,female
Felicie,female
Felicitas,female
Felicity,female
Felipa,female
Felipe,male
Felisha,female
Felix,male
Felton,male
Fenton,male
Ferd,male
Ferdinand,male
Ferman,male
Fern,female
Fern,male
Fernand,male
Fernanda,female
Fernando,male
Ferne,female
Ferrell,male
Ferris,male
Festus,male
Fidel,male
Fidelia,female
Fidencio,male
Fielding,male
Filomena,female
Finis,male
Finley,female
Finley,male
Finn,male
Finnegan,male
Fiona,female
Firman,male
Fisher,male
Fitzgerald,male
Fitzhugh,male
Flavia,female
Fleda,female
Fleet,male
Fleeta,female
Flem,male
Fleming,male
Fleta,female
Fletcher,male
Flint,male
Flo,female
Flonnie,female
Flor,female
Flora,female
Flora,male
Florance,female
Florence,female
Florence,male
Florencio,male
Florene,female
Florentino,male
Floretta,female
Florian,male
Florida,female
Florie,female
Florine,female
Florrie,female
Flossie,female
Floy,female
Floy,male
Floyd,female
Floyd,male
Foch,male
Fonda,female
Ford,male
Forest,female
Forest,male
Forrest,female
Forrest,male
Foster,male
Fount,male
Foy,male
Fran,female
Franc,female
Frances,female
Frances,male
Francesca,female
Francesco,male
Francies,female
Francina,female
Francine,female
Francis,female
Francis,male
Francisca,female
Francisco,male
Francisqui,female
Franco,male
Frank,female
Frank,male
Frankie,female
Frankie,male
Franklin,male
Franklyn,male
Franz,male
Frazier,male
Fred,female
Fred,male
Freda,female
Freddie,female
Freddie,male
Freddy,male
Frederic,male
Frederica,female
Frederick,male
Fredericka,female
Fredie,male
Fredric,male
Fredrick,male
Fredy,male
Freeda,female
Freeman,male
Freida,female
Fremont,male
French,male
Frida,female
Frieda,female
Friend,male
Fritz,male
Frona,female
Fronia,female
Fronie,female
Fronnie,female
Fuller,male
Fulton,male
Fumiko,female
Furman,male
Gabe,male
Gabriel,female
Gabriel,male
Gabriela,female
Gabriella,female
Gabrielle,female
Gael,male
Gaetano,male
Gage,male
Gaige,male
Gail,female
Gail,male
Gaines,male
Gaither,male
Gale,female
Gale,male
Galen,male
Galilea,female
Gannon,male
Gardner,male
Garett,male
Garey,male
Garfield,male
Garland,male
Garner,male
Garnet,female
Garnet,male
Garnett,female
Garnett,male
Garold,male
Garret,male
Garrett,male
Garrick,male
Garrison,male
Garry,male
Garth,male
Garvin,male
Gary,female
Gary,male
Gasper,male
Gaston,male
Gauge,male
Gaven,male
Gavin,male
Gavyn,male
Gay,female
Gay,male
Gaye,female
Gayla,female
Gayle,female
Gayle,male
Gaylen,male
Gaylene,female
Gaylon,male
Gaylord,male
Gaynell,female
Gearld,male
Gearldine,female
Geary,male
Gee,male
Gemma,female
Gena,female
Genaro,male
Gene,female
Gene,male
General,male
Genesis,female
Geneva,female
Genevieve,female
Genevra,female
Genie,female
Genie,male
Gennaro,male
Gennie,female
Geno,male
Genoveva,female
Geo,male
Geoff,male
Geoffrey,male
Georganna,female
George,female
George,male
Georgeann,female
Georgeanna,female
Georgene,female
Georgetta,female
Georgette,female
Georgia,female
Georgia,male
Georgiana,female
Georgiann,female
Georgianna,female
Georgie,female
Georgie,male
Georgina,female
Georgine,female
Geovanni,male
Gerald,female
Gerald,male
Geraldine,female
Geraldo,male
Geralyn,female
Gerard,male
Gerardo,male
Gerda,female
Gerhard,male
Gerhardt,male
Geri,female
Germaine,female
Germaine,male
German,male
Gerold,male
Gerri,female
Gerrit,male
Gerry,female
Gerry,male
Gertha,female
Gertie,female
Gertrude,female
Gertrude,male
Gia,female
Giada,female
Giana,female
Giancarlo,male
Gianna,female
Gianni,male
Gibson,male
Gideon,male
Gidget,female
Gifford,male
Gigi,female
Gil,male
Gilbert,male
Gilberto,male
Gilda,female
Giles,male
Gilford,male
Gillian,female
Gillie,female
Gilman,male
Gilmer,male
Gilmore,male
Gina,female
Ginger,female
Ginny,female
Gino,male
Giovani,male
Giovanna,female
Giovanni,male
Giovanny,male
Girtha,female
Gisele,female
Giselle,female
Gisselle,female
Giuliana,female
Giuseppe,male
Gladis,female
Gladstone,male
Gladyce,female
Gladys,female
Gladys,male
Glen,male
Glenda,female
Glendon,male
Glendora,female
Glenn,female
Glenn,male
Glenna,female
Glennie,female
Glennis,female
Glenwood,male
Glinda,female
Gloria,female
Gloria,male
Glover,male
Glynda,female
Glynis,female
Glynn,male
Godfrey,male
Goebel,male
Golda,female
Golden,female
Golden,male
Goldia,female
Goldie,female
Goldie,male
Gonzalo,male
Gorden,male
Gordon,male
Gorge,male
Gottlieb,male
Governor,male
Grace,female
Grace,male
Gracelyn,female
Gracia,female
Gracie,female
Graciela,female
Grady,male
Grafton,male
Graham,male
Grant,male
Granville,male
Graves,male
Gray,male
Grayce,female
Graydon,male
Grayling,male
Grayson,male
Grecia,female
Green,male
Greene,male
Greg,male
Gregg,male
Greggory,male
Gregoria,female
Gregorio,male
Gregory,male
Greta,female
Gretchen,female
Gretta,female
Greyson,male
Griffin,male
Griffith,male
Grisel,female
Griselda,female
Grove,male
Grover,female
Grover,male
Guadalupe,female
Guadalupe,male
Guido,male
Guilford,male
Guillermo,male
Gunda,female
Gunnar,male
Gunner,male
Gurney,male
Gus,male
Guss,male
Gussie,female
Gussie,male
Gust,male
Gusta,female
Gustaf,male
Gustav,male
Gustave,male
Gustavo,male
Gustavus,male
Gustie,female
Guthrie,male
Guy,male
Gwen,female
Gwenda,female
Gwendolyn,female
Gwyn,female
Gwyneth,female
Hadassah,female
Haden,male
Hadley,female
Hadley,male
Haiden,male
Hailee,female
Hailey,female
Hailie,female
Hakeem,male
Hakim,male
Hal,male
Halbert,male
Hale,male
Haleigh,female
Haley,female
Hali,female
Halie,female
Hall,male
Halle,female
Halley,female
Halley,male
Hallie,female
Hallie,male
Halsey,male
Ham,male
Hamilton,male
Hamp,male
Hampton,male
Hamza,male
Hana,female
Handy,male
Hank,male
Hanna,female
Hannah,female
Hans,male
Hansel,male
Hansford,male
Hanson,male
Harden,male
Hardie,male
Hardin,male
Harding,male
Hardy,male
Harl,male
Harlan,male
Harland,male
Harlen,male
Harlene,female
Harley,female
Harley,male
Harlie,male
Harlon,male
Harlow,male
Harm,male
Harman,male
Harmon,male
Harmony,female
Harold,female
Harold,male
Harper,female
Harper,male
Harrell,male
Harrie,male
Harriet,female
Harriett,female
Harriette,female
Harris,male
Harrison,male
Harrold,male
Harry,female
Harry,male
Hart,male
Hartley,male
Hartwell,male
Haruko,female
Harve,male
Harvey,male
Harvie,male
Harvy,male
Hasan,male
Hasel,female
Haskell,male
Hassan,male
Hassie,female
Hattie,female
Hattie,male
Haven,female
Haven,male
Hayden,female
Hayden,male
Hayes,male
Haylee,female
Hayleigh,female
Hayley,female
Haylie,female
Hays,male
Hayward,male
Haywood,male
Hazel,female
Hazel,male
Hazelle,female
Hazen,male
Hazle,female
Heath,male
Heather,female
Heather,male
Heaven,female
Heber,male
Hebert,male
Hector,male
Hedwig,female
Hedy,female
Heidi,female
Heidy,female
Helaine,female
Helen,female
Helen,male
Helena,female
Helene,female
Helga,female
Hellen,female
Helma,female
Helmer,male
Helyn,female
Hence,male
Henderson,male
Henery,male
Hennie,female
Henretta,female
Henri,male
Henrietta,female
Henriette,female
Henry,female
Henry,male
Herb,male
Herbert,male
Heriberto,male
Herlinda,female
Herma,female
Herman,male
Hermann,male
Hermina,female
Hermine,female
Herminia,female
Hermon,male
Hernan,male
Herschel,male
Hershel,male
Hershell,male
Hertha,female
Hervey,male
Hessie,female
Hester,female
Hester,male
Hettie,female
Hetty,female
Heyward,male
Hezekiah,male
Hezzie,male
Hideo,male
Hilah,female
Hilario,male
Hilary,female
Hilary,male
Hilbert,male
Hilda,female
Hildegard,female
Hildegarde,female
Hildred,female
Hildur,female
Hill,male
Hillard,male
Hillary,female
Hillary,male
Hillery,male
Hilliard,male
Hilma,female
Hilmer,male
Hilton,male
Hiram,male
Hiroshi,male
Hjalmar,male
Hjalmer,male
Hobart,male
Hobert,male
Hobson,male
Hoke,male
Holden,male
Holland,male
Holli,female
Hollie,female
Hollie,male
Hollis,female
Hollis,male
Holly,female
Holly,male
Holmes,male
Homer,male
Honora,female
Hoover,male
Hope,female
Hope,male
Horace,male
Horacio,male
Horatio,male
Hortencia,female
Hortense,female
Hortensia,female
Horton,male
Hosea,male
Hosie,male
Hosteen,male
Houston,male
Howard,female
Howard,male
Howell,male
Hoy,male
Hoyt,male
Hubbard,male
Hubert,male
Hudson,male
Huey,male
Hugh,male
Hughes,male
Hughey,male
Hughie,male
Hugo,male
Hulda,female
Huldah,female
Humberto,male
Humphrey,male
Hung,male
Hunt,male
Hunter,female
Hunter,male
Hurbert,male
Hurley,male
Huston,male
Huy,male
Hyman,male
Hymen,male
Hyrum,male
Ian,male
Ibrahim,male
Ica,female
Icey,female
Icie,female
Icy,female
Ida,female
Ida,male
Idabelle,female
Idamae,female
Idell,female
Idella,female
Iesha,female
Ieshia,female
Ignacio,male
Ignatius,male
Ignatz,male
Ike,male
Ila,female
Ilah,female
Ilda,female
Ilene,female
Iliana,female
Illa,female
Illya,male
Ilma,female
Ilo,female
Ilona,female
Ima,female
Imani,female
Imanol,male
Imelda,female
Immanuel,male
Imo,female
Imogene,female
Ina,female
India,female
Indiana,female
Inell,female
Ines,female
Inez,female
Infant,female
Infant,male
Inga,female
Ingeborg,female
Inger,female
Ingram,male
Ingrid,female
Iola,female
Iona,female
Ione,female
Ira,female
Ira,male
Ireland,female
Irena,female
Irene,female
Irene,male
Iridian,female
Irine,female
Iris,female
Irl,male
Irma,female
Irva,female
Irven,male
Irvin,male
Irvine,male
Irving,male
Irwin,male
Isa,female
Isaac,male
Isaak,male
Isabel,female
Isabela,female
Isabell,female
Isabella,female
Isabelle,female
Isadora,female
Isadore,male
Isai,male
Isaiah,male
Isaias,male
Isam,male
Isamar,female
Ishaan,male
Isham,male
Ishmael,male
Isiah,male
Isidor,male
Isidore,male
Isidro,male
Isis,female
Isla,female
Ismael,male
Isobel,female
Isom,male
Israel,male
Isreal,male
Issac,male
Itzel,female
Iva,female
Iva,male
Ivah,female
Ivan,male
Ivana,female
Iver,male
Iverson,male
Ivette,female
Ivey,female
Ivey,male
Ivie,female
Ivonne,female
Ivor,male
Ivory,female
Ivory,male
Ivy,female
Ivy,male
Iyana,female
Iyanna,female
Iza,female
Izabella,female
Izabelle,female
Izaiah,male
Izayah,male
Izetta,female
Izola,female
Izora,female
Jabari,male
Jabbar,male
Jabez,male
Jacalyn,female
Jace,male
Jacey,female
Jack,female
Jack,male
Jackeline,female
Jacki,female
Jackie,female
Jackie,male
Jacklyn,female
Jackson,male
Jacky,male
Jaclyn,female
Jacob,male
Jacoby,male
Jacque,female
Jacquelin,female
Jacqueline,female
Jacquelyn,female
Jacquelynn,female
Jacques,male
Jacquez,male
Jacquline,female
Jacqulyn,female
Jada,female
Jade,female
Jade,male
Jaden,female
Jaden,male
Jadiel,male
Jadon,male
Jadyn,female
Jadyn,male
Jaeda,female
Jaeden,male
Jaelyn,female
Jaelynn,female
Jagger,male
Jaheem,male
Jaheim,male
Jahiem,male
Jahir,male
Jaida,female
Jaiden,female
Jaiden,male
Jaidyn,female
Jaidyn,male
Jailene,female
Jailyn,female
Jaime,female
Jaime,male
Jaimee,female
Jaimie,female
Jaimie,male
Jair,male
Jairo,male
Jajuan,male
Jakayla,female
Jake,male
Jakob,male
Jakobe,male
Jaleel,male
Jaleesa,female
Jalen,male
Jalisa,female
Jalissa,female
Jaliyah,female
Jalon,male
Jalyn,female
Jalynn,female
Jamaal,male
Jamal,male
Jamar,male
Jamarcus,male
Jamari,male
Jamarion,male
Jame,male
Jameel,male
Jamel,male
James,female
James,male
Jameson,male
Jamey,female
Jamey,male
Jami,female
Jamie,female
Jamie,male
Jamil,male
Jamila,female
Jamin,male
Jamir,male
Jamison,male
Jamiya,female
Jammie,female
Jammie,male
Jamya,female
Jan,female
Jan,male
Jana,female
Janae,female
Janay,female
Jane,female
Janeen,female
Janel,female
Janell,female
Janelle,female
Janene,female
Janessa,female
Janet,female
Janet,male
Janette,female
Janey,female
Janiah,female
Janice,female
Janice,male
Janie,female
Janine,female
Janis,female
Janiya,female
Janiyah,female
Jann,female
Janna,female
Jannette,female
Jannie,female
January,female
Janyce,female
Jaquan,male
Jaquelin,female
Jaqueline,female
Jaquez,male
Jarad,male
Jared,male
Jaren,male
Jaret,male
Jarett,male
Jarod,male
Jaron,male
Jarrad,male
Jarred,male
Jarrell,male
Jarret,male
Jarrett,male
Jarrod,male
Jarvis,male
Jase,male
Jasen,male
Jasiah,male
Jaslene,female
Jaslyn,female
Jasmin,female
Jasmine,female
Jasmine,male
Jasmyn,female
Jasmyne,female
Jason,female
Jason,male
Jasper,male
Jaunita,female
Javen,male
Javier,male
Javion,male
Javon,male
Javonte,male
Jax,male
Jaxon,male
Jaxson,male
Jay,male
Jayce,male
Jaycee,female
Jaycie,female
Jayda,female
Jaydan,male
Jayde,female
Jayden,female
Jayden,male
Jaydin,male
Jaydon,male
Jaye,female
Jayla,female
Jaylah,female
Jaylan,male
Jaylee,female
Jayleen,female
Jaylen,female
Jaylen,male
Jaylene,female
Jaylin,female
Jaylin,male
Jaylon,male
Jaylyn,female
Jaylynn,female
Jayme,female
Jayme,male
Jaymes,male
Jayne,female
Jayson,male
Jayvion,male
Jayvon,male
Jazlene,female
Jazlyn,female
Jazlynn,female
Jazmin,female
Jazmine,female
Jazmyn,female
Jazmyne,female
Jean,female
Jean,male
Jeana,female
Jeane,female
Jeanetta,female
Jeanette,female
Jeanie,female
Jeanine,female
Jeanmarie,female
Jeanna,female
Jeanne,female
Jeannette,female
Jeannie,female
Jeannine,female
Jeb,male
Jed,male
Jedediah,male
Jedidiah,male
Jeff,male
Jefferey,male
Jefferson,male
Jeffery,male
Jeffie,female
Jeffie,male
Jeffrey,female
Jeffrey,male
Jeffry,male
Jelani,male
Jemal,male
Jemima,female
Jena,female
Jenelle,female
Jenifer,female
Jenilee,female
Jenna,female
Jennette,female
Jenni,female
Jennie,female
Jennie,male
Jennifer,female
Jennifer,male
Jenniffer,female
Jennings,male
Jenny,female
Jens,male
Jensen,female
Jensen,male
Jep,male
Jeptha,male
Jerad,male
Jerald,male
Jeraldine,female
Jeramiah,male
Jeramie,male
Jeramy,male
Jere,male
Jered,male
Jerel,male
Jereme,male
Jeremey,male
Jeremiah,male
Jeremie,male
Jeremy,female
Jeremy,male
Jeri,female
Jerica,female
Jerilyn,female
Jerilynn,female
Jerimiah,male
Jerimy,male
Jermain,male
Jermaine,male
Jermey,male
Jerod,male
Jerold,male
Jerome,male
Jeromy,male
Jerrad,male
Jerrel,male
Jerrell,male
Jerri,female
Jerrica,female
Jerrie,female
Jerrilyn,female
Jerrod,male
Jerrold,male
Jerry,female
Jerry,male
Jerusha,female
Jeryl,female
Jesenia,female
Jesica,female
Jess,male
Jesse,female
Jesse,male
Jessee,male
Jessenia,female
Jessi,female
Jessica,female
Jessica,male
Jessie,female
Jessie,male
Jessika,female
Jessy,male
Jessye,female
Jesus,male
Jethro,male
Jett,male
Jetta,female
Jettie,female
Jettie,male
Jevon,male
Jewel,female
Jewel,male
Jewell,female
Jewell,male
Jiles,male
Jill,female
Jillian,female
Jim,male
Jimena,female
Jimmie,female
Jimmie,male
Jimmy,female
Jimmy,male
Jinnie,female
Jo,female
Joan,female
Joan,male
Joana,female
Joanie,female
Joann,female
Joanna,female
Joanne,female
Joaquin,male
Job,male
Jobe,male
Jocelyn,female
Jocelyne,female
Jocelynn,female
Jodi,female
Jodie,female
Jodie,male
Jody,female
Jody,male
Joe,female
Joe,male
Joel,male
Joell,female
Joella,female
Joelle,female
Joellen,female
Joeseph,male
Joesph,male
Joetta,female
Joette,female
Joey,female
Joey,male
Johan,male
Johana,female
Johanna,female
Johannah,female
Johathan,male
John,female
John,male
Johnathan,male
Johnathon,male
Johney,male
Johnie,female
Johnie,male
Johnna,female
Johnnie,female
Johnnie,male
Johnny,female
Johnny,male
Johnpaul,male
Johnson,male
Johny,male
Joi,female
Joleen,female
Jolene,female
Jolette,female
Jolie,female
Joline,female
Jon,male
Jonah,male
Jonas,male
Jonatan,male
Jonathan,female
Jonathan,male
Jonathon,male
Jonell,female
Jones,male
Joni,female
Jonna,female
Jonnie,female
Jonnie,male
Jordan,female
Jordan,male
Jorden,male
Jordi,male
Jordin,female
Jordon,male
Jordy,male
Jordyn,female
Jordyn,male
Joretta,female
Jorge,male
Jorja,female
Jory,male
Jose,male
Josef,male
Josefa,female
Josefina,female
Josefita,female
Joselin,female
Joseline,female
Joseluis,male
Joselyn,female
Joseph,female
Joseph,male
Josephine,female
Josephine,male
Josephus,male
Josette,female
Josh,male
Joshua,female
Joshua,male
Joshuah,male
Josiah,male
Josie,female
Josiephine,female
Joslyn,female
Jossie,female
Josue,male
Journey,female
Jovan,male
Jovani,male
Jovanni,male
Jovanny,male
Jovany,male
Jovita,female
Joy,female
Joy,male
Joyce,female
Joyce,male
Joycelyn,female
Joye,female
Juan,male
Juana,female
Juanita,female
Judah,male
Judd,male
Jude,male
Judge,male
Judi,female
Judie,female
Judith,female
Judith,male
Judson,male
Judy,female
Judy,male
Judyth,female
Jule,female
Jule,male
Jules,male
Juli,female
Julia,female
Julia,male
Julian,male
Juliana,female
Juliann,female
Julianna,female
Julianne,female
Julie,female
Julien,male
Juliet,female
Juliette,female
Julio,male
Julious,male
Julisa,female
Julissa,female
Julius,male
Juluis,male
June,female
June,male
Junia,female
Junie,female
Junior,male
Junious,male
Junius,male
Justen,male
Justice,female
Justice,male
Justin,female
Justin,male
Justina,female
Justine,female
Justine,male
Juston,male
Justus,male
Justyn,male
Juwan,male
Kaaren,female
Kacey,female
Kaci,female
Kacie,female
Kacy,female
Kade,male
Kadeem,male
Kaden,male
Kadence,female
Kadijah,female
Kadin,male
Kadyn,male
Kaeden,male
Kael,male
Kaela,female
Kaelyn,female
Kahlil,male
Kai,male
Kaia,female
Kaiden,male
Kaila,female
Kailee,female
Kailey,female
Kailyn,female
Kaitlin,female
Kaitlyn,female
Kaitlynn,female
Kaiya,female
Kala,female
Kale,male
Kaleb,male
Kaleena,female
Kaleigh,female
Kalen,male
Kalene,female
Kaley,female
Kali,female
Kalie,female
Kaliyah,female
Kallie,female
Kalvin,male
Kalyn,female
Kamari,female
Kamari,male
Kamden,male
Kameron,female
Kameron,male
Kami,female
Kamila,female
Kamilah,female
Kamora,female
Kamren,male
Kamron,male
Kamryn,female
Kamryn,male
Kandace,female
Kandi,female
Kandice,female
Kandy,female
Kane,male
Kanesha,female
Kanisha,female
Kanye,male
Kara,female
Karan,female
Kareem,male
Kareen,male
Karel,female
Karen,female
Karen,male
Kari,female
Karie,female
Karim,male
Karin,female
Karina,female
Karis,female
Karissa,female
Karl,male
Karla,female
Karlee,female
Karlene,female
Karley,female
Karli,female
Karlie,female
Karly,female
Karma,female
Karol,female
Karolyn,female
Karon,female
Karren,female
Karri,female
Karrie,female
Karson,male
Karsyn,female
Karter,male
Karyl,female
Karyme,female
Karyn,female
Kasandra,female
Kasen,male
Kasey,female
Kasey,male
Kash,male
Kasie,female
Kason,male
Kassandra,female
Kassidy,female
Kassie,female
Katarina,female
Kate,female
Katelin,female
Katelyn,female
Katelynn,female
Katerina,female
Kathaleen,female
Katharina,female
Katharine,female
Katharyn,female
Katherin,female
Katherine,female
Katherine,male
Kathern,female
Katheryn,female
Kathey,female
Kathi,female
Kathie,female
Kathleen,female
Kathleen,male
Kathlene,female
Kathlyn,female
Kathrine,female
Kathryn,female
Kathryn,male
Kathryne,female
Kathy,female
Kathyrn,female
Kati,female
Katia,female
Katie,female
Katina,female
Katlin,female
Katlyn,female
Katlynn,female
Katrina,female
Kattie,female
Katy,female
Kavon,male
Kay,female
Kay,male
Kaya,female
Kaycee,female
Kayden,female
Kayden,male
Kaydence,female
Kaye,female
Kaye,male
Kayla,female
Kaylah,female
Kaylan,female
Kaylee,female
Kayleigh,female
Kaylen,female
Kaylene,female
Kayley,female
Kayli,female
Kaylie,female
Kaylin,female
Kaylyn,female
Kaylynn,female
Kazuko,female
Kazuo,male
Keagan,male
Keandre,male
Keanna,female
Keanu,male
Keara,female
Keaton,male
Kecia,female
Keegan,male
Keeley,female
Keely,female
Keena,female
Keenan,male
Keenen,male
Keesha,female
Kegan,male
Keifer,male
Keila,female
Keion,male
Keira,female
Keisha,female
Keith,male
Kelan,male
Kelby,male
Kelcie,female
Keli,female
Kelis,female
Kellan,male
Kellee,female
Kellen,male
Kelley,female
Kelley,male
Kelli,female
Kellie,female
Kelly,female
Kelly,male
Kelsea,female
Kelsey,female
Kelsey,male
Kelsi,female
Kelsie,female
Kelton,male
Kelvin,male
Kem,male
Ken,male
Kenan,male
Kendal,female
Kendal,male
Kendall,female
Kendall,male
Kendell,male
Kendra,female
Kendrick,male
Kenia,female
Kenisha,female
Kenji,male
Kenley,female
Kenna,female
Kennard,male
Kennedi,female
Kennedy,female
Kennedy,male
Kenneth,female
Kenneth,male
Kenney,male
Kennith,male
Kennth,male
Kenny,male
Kent,male
Kenton,male
Kenya,female
Kenya,male
Kenyatta,female
Kenyatta,male
Kenyon,male
Kenzie,female
Keon,male
Keri,female
Kermit,male
Kerri,female
Kerrie,female
Kerry,female
Kerry,male
Kerwin,male
Kesha,female
Keshaun,male
Keshawn,male
Keshia,female
Kevan,male
Keven,male
Kevin,female
Kevin,male
Kevon,male
Keyla,female
Keyon,male
Keyshawn,male
Khadijah,female
Khalid,male
Khalil,male
Khalilah,female
Khari,male
Khiry,male
Khloe,female
Kia,female
Kian,male
Kiana,female
Kianna,female
Kiara,female
Kiara,male
Kiarra,female
Kiefer,male
Kiel,male
Kiera,female
Kieran,male
Kierra,female
Kiersten,female
Kieth,male
Kiley,female
Kiley,male
Killian,male
Kim,female
Kim,male
Kimball,male
Kimber,female
Kimberely,female
Kimberlee,female
Kimberley,female
Kimberli,female
Kimberlie,female
Kimberly,female
Kimberly,male
Kimora,female
Kindra,female
King,male
Kingston,male
Kinley,female
Kinsey,female
Kinsley,female
Kinte,male
Kip,male
Kipp,male
Kira,female
Kirby,female
Kirby,male
Kirk,male
Kirsten,female
Kirstie,female
Kirstin,female
Kirt,male
Kisha,female
Kit,male
Kittie,female
Kitty,female
Kiya,female
Kiyoko,female
Kiyoshi,male
Kizzie,female
Kizzy,female
Knox,male
Knute,male
Kobe,male
Koby,male
Koda,male
Kody,male
Koen,male
Kolby,male
Kole,male
Kolten,male
Kolton,male
Konner,male
Konnor,male
Korbin,male
Kordell,male
Korey,male
Kori,female
Kortney,female
Kory,male
Kourtney,female
Kraig,male
Kris,female
Kris,male
Krish,male
Krissy,female
Krista,female
Kristal,female
Kristan,female
Kristen,female
Kristen,male
Kristi,female
Kristian,female
Kristian,male
Kristie,female
Kristin,female
Kristin,male
Kristina,female
Kristine,female
Kristofer,male
Kristoffer,male
Kristopher,male
Kristy,female
Kristyn,female
Krysta,female
Krystal,female
Krysten,female
Krystin,female
Krystina,female
Krystle,female
Kunta,male
Kurt,male
Kurtis,male
Kwame,male
Kya,female
Kyan,male
Kyara,female
Kyla,female
Kylah,female
Kylan,male
Kyle,female
Kyle,male
Kylee,female
Kyleigh,female
Kylene,female
Kyler,male
Kylie,female
Kymani,male
Kyra,female
Kyree,male
Kyrie,female
Kyson,male
Lacey,female
Lacey,male
Laci,female
Lacie,female
Lacy,female
Lacy,male
Ladarius,male
Laddie,male
Ladonna,female
Lady,female
Lafayette,male
Lafe,male
Lahoma,female
Laila,female
Lailah,female
Lainey,female
Laisha,female
Lakeisha,female
Laken,female
Lakendra,female
Lakesha,female
Lakeshia,female
Lakisha,female
Lala,female
Lalla,female
Lamar,male
Lamarcus,male
Lambert,male
Lamont,male
Lamonte,male
Lana,female
Lance,male
Landan,male
Landen,male
Landin,male
Landon,male
Landyn,male
Lane,male
Lanette,female
Laney,female
Lani,female
Lanie,female
Lanita,female
Lannie,female
Lannie,male
Lanny,male
Laquan,male
Laquita,female
Lara,female
Larae,female
Laraine,female
Larissa,female
Lark,male
Larkin,male
Laron,male
Larry,female
Larry,male
Lars,male
Larue,female
Larue,male
Lary,male
Lashanda,female
Lashawn,female
Lashawn,male
Lashonda,female
Lashunda,female
Lasonya,female
Lassie,female
Latanya,female
Latarsha,female
Latasha,female
Latesha,female
Latifah,female
Latisha,female
Latonia,female
Latonya,female
Latoria,female
Latosha,female
Latoya,female
Latoyia,female
Latrell,male
Latrice,female
Latricia,female
Latrina,female
Launa,female
Laura,female
Laura,male
Laurance,male
Laureen,female
Laurel,female
Laurel,male
Lauren,female
Lauren,male
Laurence,male
Laurene,female
Lauretta,female
Laurette,female
Lauri,female
Laurie,female
Laurie,male
Laurine,female
Lauryn,female
Lavada,female
Lavar,male
Lavelle,female
Lavenia,female
Lavera,female
Lavern,female
Lavern,male
Laverna,female
Laverne,female
Laverne,male
Lavina,female
Lavinia,female
Lavon,female
Lavon,male
Lavona,female
Lavonda,female
Lavonia,female
Lavonne,female
Lawanda,female
Lawerence,male
Lawrance,male
Lawrence,male
Lawson,male
Lawton,male
Lawyer,male
Layla,female
Laylah,female
Layne,male
Layton,male
Lazaro,male
Le,male
Lea,female
Lea,male
Leafy,female
Leah,female
Leala,female
Leamon,male
Leana,female
Leander,male
Leandra,female
Leandro,male
Leaner,female
Leann,female
Leanna,female
Leanne,female
Leatha,female
Leatrice,female
Leda,female
Lee,female
Lee,male
Leeann,female
Leeroy,male
Leesa,female
Leia,female
Leif,male
Leigh,female
Leigh,male
Leighton,male
Leila,female
Leilani,female
Leisa,female
Leisha,female
Leitha,female
Lela,female
Lelah,female
Leland,female
Leland,male
Lelar,female
Lelia,female
Lella,female
Lem,male
Lemma,female
Lemmie,male
Lemon,male
Lempi,female
Lemuel,male
Len,male
Lena,female
Lena,male
Lenard,male
Lenna,female
Lennie,female
Lennie,male
Lennon,male
Lenny,male
Lenon,male
Lenora,female
Lenord,male
Lenore,female
Lenwood,male
Leo,female
Leo,male
Leola,female
Leoma,female
Leon,male
Leona,female
Leona,male
Leonard,male
Leonardo,male
Leonce,male
Leone,female
Leonel,male
Leonia,female
Leonidas,male
Leonie,female
Leonor,female
Leonora,female
Leonore,female
Leontine,female
Leopold,male
Leopoldo,male
Leora,female
Leota,female
Lera,female
Leroy,male
Les,male
Lesa,female
Lesia,female
Leslee,female
Lesley,female
Lesley,male
Lesli,female
Leslie,female
Leslie,male
Lesly,female
Less,male
Lessie,female
Lessie,male
Lesta,female
Lester,female
Lester,male
Leta,female
Letha,female
Lethia,female
Leticia,female
Letitia,female
Letta,female
Lettie,female
Letty,female
Leva,female
Levar,male
Levern,male
Levi,male
Levie,male
Levin,male
Levina,female
Levon,male
Levy,male
Lew,male
Lewis,male
Lex,male
Lexi,female
Lexie,female
Lexie,male
Lexis,female
Lexus,female
Leyla,female
Lia,female
Liam,male
Liana,female
Liane,female
Libbie,female
Libby,female
Liberty,female
Lida,female
Liddie,female
Lidia,female
Lidie,female
Lige,male
Lila,female
Lilah,female
Lilburn,male
Lilia,female
Lilian,female
Liliana,female
Lilianna,female
Lilie,female
Lilla,female
Lillard,male
Liller,female
Lillia,female
Lillian,female
Lillian,male
Lilliana,female
Lillianna,female
Lillie,female
Lillie,male
Lillis,female
Lilly,female
Lily,female
Lilyan,female
Lilyana,female
Lim,male
Lina,female
Lincoln,male
Linda,female
Linda,male
Lindbergh,male
Lindell,male
Linden,male
Lindsay,female
Lindsay,male
Lindsey,female
Lindsey,male
Lindy,female
Lindy,male
Linette,female
Link,male
Linn,male
Linna,female
Linnea,female
Linnie,female
Linnie,male
Linsey,female
Linton,male
Linus,male
Linwood,male
Linzy,male
Lionel,male
Lisa,female
Lisa,male
Lisandro,male
Lisbeth,female
Lise,female
Lisette,female
Lish,male
Lisha,female
Lisle,male
Lissa,female
Lissette,female
Lissie,female
Liston,male
Lita,female
Litha,female
Littie,female
Little,male
Littleton,male
Litzy,female
Livia,female
Liz,female
Liza,female
Lizabeth,female
Lizbeth,female
Lizeth,female
Lizette,female
Lizzie,female
Lizzie,male
Llewellyn,male
Lloyd,male
Lockie,female
Loda,female
Logan,female
Logan,male
Lois,female
Lois,male
Lola,female
Lola,male
Lolita,female
Lolla,female
Lollie,female
Loma,female
Lon,male
Lona,female
London,female
London,male
Londyn,female
Lone,male
Loney,male
Long,male
Loni,female
Lonie,female
Lonie,male
Lonna,female
Lonnie,female
Lonnie,male
Lonny,male
Lonzo,male
Lora,female
Lora,male
Loraine,female
Loran,male
Lorayne,female
Lorean,female
Loree,female
Loreen,female
Lorelai,female
Lorelei,female
Loren,female
Loren,male
Lorena,female
Lorene,female
Lorenz,male
Lorenza,female
Lorenza,male
Lorenzo,male
Loretta,female
Loretto,female
Lori,female
Loria,female
Loriann,female
Lorie,female
Lorin,male
Lorinda,female
Lorine,female
Loring,male
Loris,female
Lorna,female
Lorne,male
Lorraine,female
Lorrayne,female
Lorri,female
Lorrie,female
Lossie,female
Lota,female
Lott,male
Lotta,female
Lottie,female
Lou,female
Lou,male
Louann,female
Louanna,female
Louella,female
Louetta,female
Louie,female
Louie,male
Louis,female
Louis,male
Louisa,female
Louise,female
Louise,male
Louisiana,female
Loula,female
Lourdes,female
Louvenia,female
Love,female
Love,male
Lovell,male
Lovett,male
Lovey,female
Lovie,female
Lovie,male
Lovina,female
Lovisa,female
Lowell,male
Loy,male
Loyal,male
Loyce,female
Loyd,male
Lu,female
Luana,female
Luann,female
Luanne,female
Luberta,female
Luc,male
Luca,male
Lucas,male
Lucero,female
Lucetta,female
Lucia,female
Lucian,male
Luciana,female
Luciano,male
Lucie,female
Lucien,male
Lucile,female
Lucille,female
Lucille,male
Lucina,female
Lucinda,female
Lucindy,female
Lucio,male
Lucious,male
Lucius,male
Lucky,male
Lucretia,female
Lucy,female
Lucy,male
Luda,female
Ludie,female
Ludwig,male
Lue,female
Lue,male
Luella,female
Luetta,female
Lugenia,female
Luigi,male
Luis,male
Luisa,female
Luka,male
Lukas,male
Luke,male
Lula,female
Lula,male
Lulah,female
Lular,female
Lulie,female
Lulla,female
Lulu,female
Lum,male
Luna,female
Lupe,female
Lupe,male
Lura,female
Lurana,female
Lurena,female
Lurline,female
Luster,male
Lute,male
Luther,male
Lutie,female
Luvenia,female
Luverne,female
Luverne,male
Luvinia,female
Luz,female
Lyda,female
Lydell,male
Lydia,female
Lyla,female
Lyle,male
Lyman,male
Lyn,female
Lyn,male
Lynda,female
Lyndia,female
Lyndon,male
Lyndsay,female
Lyndsey,female
Lynette,female
Lynn,female
Lynn,male
Lynne,female
Lynnette,female
Lynsey,female
Lynwood,male
Lyric,female
Lyric,male
Mabel,female
Mabel,male
Mabell,female
Mabelle,female
Mable,female
Mac,male
Macarthur,male
Mace,male
Macel,female
Maceo,male
Macey,female
Machelle,female
Maci,female
Macie,female
Mack,male
Mackenzie,female
Mackenzie,male
Macy,female
Madaline,female
Madalyn,female
Madalynn,female
Madden,male
Maddison,female
Maddox,male
Madeleine,female
Madelene,female
Madeline,female
Madelyn,female
Madelynn,female
Madge,female
Madie,female
Madilyn,female
Madilynn,female
Madisen,female
Madison,female
Madison,male
Madisyn,female
Madlyn,female
Madonna,female
Madora,female
Madyson,female
Mae,female
Mae,male
Maebell,female
Maebelle,female
Maegan,female
Maeve,female
Mafalda,female
Magan,female
Magdalen,female
Magdalena,female
Magdalene,female
Magen,female
Maggie,female
Maggie,male
Magnolia,female
Mahala,female
Mahalia,female
Mahalie,female
Mahlon,male
Mai,female
Maia,female
Maida,female
Maira,female
Maiya,female
Major,male
Makai,male
Makaila,female
Makala,female
Makayla,female
Makena,female
Makenna,female
Makenzie,female
Makhi,male
Mal,male
Malachi,male
Malakai,male
Malaki,male
Malaya,female
Malcolm,male
Malcom,male
Male,male
Maleah,female
Malece,male
Maled,male
Malesie,male
Malia,female
Malik,male
Malinda,female
Malissa,female
Malissie,female
Maliyah,female
Mallie,female
Mallorie,female
Mallory,female
Malorie,female
Malvin,male
Malvina,female
Mame,female
Mamie,female
Mamie,male
Mammie,female
Manda,female
Mandi,female
Mandie,female
Mandy,female
Manerva,female
Manervia,female
Manford,male
Manie,female
Manila,female
Manilla,female
Manley,male
Manly,male
Mannie,female
Mannie,male
Manning,male
Mansfield,male
Manson,male
Manuel,male
Manuela,female
Manuelita,female
Mara,female
Maralyn,female
Maranda,female
Marc,male
Marcel,male
Marcela,female
Marcelina,female
Marceline,female
Marcelino,male
Marcella,female
Marcelle,female
Marcello,male
Marcellus,male
Marcelo,male
Marchello,male
Marci,female
Marcia,female
Marcie,female
Marco,male
Marcos,male
Marcus,male
Marcy,female
Mardell,female
Mareli,female
Marely,female
Maren,female
Margaret,female
Margaret,male
Margarete,female
Margaretha,female
Margarett,female
Margaretta,female
Margarette,female
Margarita,female
Margarite,female
Margarito,male
Marge,female
Margene,female
Margeret,female
Margery,female
Marget,female
Margie,female
Margo,female
Margot,female
Margret,female
Margrett,female
Margretta,female
Marguerite,female
Margueritta,female
Margurite,female
Margy,female
Mari,female
Maria,female
Maria,male
Mariah,female
Mariam,female
Marian,female
Marian,male
Mariana,female
Marianita,female
Mariann,female
Marianna,female
Marianne,female
Mariano,male
Maribel,female
Maribeth,female
Maricela,female
Marie,female
Marie,male
Mariel,female
Mariela,female
Marietta,female
Marilee,female
Marilla,female
Marilou,female
Marilyn,female
Marilyn,male
Marilynn,female
Marin,female
Marina,female
Marinda,female
Mario,male
Marion,female
Marion,male
Marisa,female
Marisela,female
Marisol,female
Marissa,female
Marita,female
Maritza,female
Marius,male
Mariyah,female
Marjorie,female
Marjory,female
Mark,female
Mark,male
Markel,male
Markell,male
Markita,female
Markus,male
Marla,female
Marlana,female
Marland,male
Marlee,female
Marleen,female
Marlen,female
Marlena,female
Marlene,female
Marley,female
Marley,male
Marlie,female
Marlin,male
Marlo,female
Marlo,male
Marlon,male
Marlyn,female
Marlyn,male
Marlys,female
Marni,female
Marnie,female
Marnita,female
Marolyn,female
Marques,male
Marquez,male
Marquis,male
Marquise,male
Marquita,female
Marrion,male
Marry,female
Marsh,male
Marsha,female
Marshal,male
Marshall,male
Mart,male
Marta,female
Martell,male
Martez,male
Martha,female
Martha,male
Marti,female
Martika,female
Martin,male
Martina,female
Martine,female
Marty,female
Marty,male
Marva,female
Marvel,female
Marvin,male
Mary,female
Mary,male
Maryam,female
Maryann,female
Maryanne,female
Marybelle,female
Marybeth,female
Maryellen,female
Maryjane,female
Maryjo,female
Marylee,female
Marylin,female
Marylou,female
Marylouise,female
Marylyn,female
Masako,female
Masao,male
Mason,male
Mat,male
Mateo,male
Math,male
Mathew,male
Mathews,male
Mathias,male
Mathilda,female
Mathilde,female
Matias,male
Matie,female
Matilda,female
Matilde,female
Matt,male
Matteo,male
Matthew,female
Matthew,male
Matthias,male
Mattie,female
Mattie,male
Mattye,female
Maud,female
Maud,male
Maude,female
Maude,male
Maudie,female
Maura,female
Maureen,female
Maurice,female
Maurice,male
Mauricio,male
Maurine,female
Mauro,male
Maury,male
Maverick,male
Mavis,female
Max,male
Maxie,female
Maxie,male
Maxim,male
Maximilian,male
Maximillian,male
Maximo,male
Maximus,male
Maxine,female
Maxwell,male
May,female
May,male
Maya,female
Maybell,female
Maybelle,female
Maye,female
Mayme,female
Maymie,female
Maynard,male
Mayo,male
Mayra,female
Mazie,female
Mcarthur,male
Mckayla,female
Mckenna,female
Mckenzie,female
Mckinley,female
Mckinley,male
Meadow,female
Meagan,female
Meaghan,female
Mearl,male
Mechelle,female
Meda,female
Media,female
Medora,female
Meg,female
Megan,female
Meggan,female
Meghan,female
Meghann,female
Mekhi,male
Mel,male
Melanie,female
Melany,female
Melba,female
Melbourne,male
Melina,female
Melinda,female
Melisa,female
Melissa,female
Melissa,male
Melissia,female
Mell,female
Mell,male
Mellie,female
Mellisa,female
Mellissa,female
Melodee,female
Melodie,female
Melody,female
Melonie,female
Melony,female
Melton,male
Melva,female
Melville,male
Melvin,female
Melvin,male
Melvina,female
Melvyn,male
Memphis,male
Mena,female
Menachem,male
Mendy,female
Mercedes,female
Mercer,male
Mercy,female
Meredith,female
Meredith,male
Merilyn,female
Merl,male
Merle,female
Merle,male
Merlene,female
Merlin,male
Merlyn,male
Merna,female
Merri,female
Merrie,female
Merrilee,female
Merrill,male
Merrily,female
Merritt,male
Merry,female
Mertie,female
Merton,male
Mervin,male
Mervyn,male
Merwin,male
Meryl,female
Messiah,male
Meta,female
Metha,female
Metro,male
Metta,female
Mettie,female
Meyer,male
Mia,female
Miah,female
Micaela,female
Micah,female
Micah,male
Micayla,female
Michael,female
Michael,male
Michaela,female
Michaele,female
Michal,female
Michal,male
Michale,male
Micheal,male
Michel,male
Michele,female
Michele,male
Michelina,female
Michell,female
Michelle,female
Michelle,male
Michial,male
Mickey,female
Mickey,male
Mickie,female
Micky,male
Miesha,female
Migdalia,female
Mignon,female
Miguel,male
Miguelangel,male
Mikaela,female
Mikaila,female
Mikal,male
Mikala,female
Mikalah,female
Mikayla,female
Mike,male
Mikeal,male
Mikel,male
Mikhail,male
Mila,female
Milagros,female
Milan,male
Milas,male
Milburn,male
Milda,female
Mildred,female
Mildred,male
Miles,male
Miley,female
Milford,male
Milissa,female
Millard,male
Miller,male
Millicent,female
Millie,female
Mills,male
Milly,female
Milo,male
Milton,male
Mima,female
Mimi,female
Mina,female
Minda,female
Mindi,female
Mindy,female
Miner,male
Minerva,female
Minervia,female
Minna,female
Minnie,female
Minnie,male
Minor,male
Minoru,male
Minta,female
Mintie,female
Mira,female
Miracle,female
Miranda,female
Mireya,female
Miriah,female
Miriam,female
Mirtie,female
Misael,male
Missie,female
Missouri,female
Missy,female
Misti,female
Mistie,female
Misty,female
Mitch,male
Mitchel,male
Mitchell,male
Mittie,female
Mitzi,female
Miya,female
Modena,female
Moe,male
Moesha,female
Mohamed,male
Mohammad,male
Mohammed,male
Moira,female
Moises,male
Mollie,female
Molly,female
Mona,female
Monica,female
Monika,female
Monique,female
Monna,female
Monnie,female
Monroe,male
Monserrat,female
Mont,male
Montana,female
Montana,male
Monte,male
Montel,male
Montgomery,male
Montie,female
Montie,male
Montrell,male
Montserrat,female
Monty,male
Moody,male
Mora,female
Mordechai,male
Morgan,female
Morgan,male
Moriah,female
Morris,male
Mortimer,male
Morton,male
Mose,male
Moses,male
Moshe,male
Mossie,female
Mozell,female
Mozella,female
Mozelle,female
Muhammad,male
Murdock,male
Muriel,female
Murl,female
Murl,male
Murphy,male
Murray,male
Murry,male
Mustafa,male
Mya,female
Myah,female
Mychal,male
Myer,male
Mykel,male
Myla,female
Mylee,female
Myles,male
Mylie,female
Myra,female
Myranda,female
Myrl,female
Myrl,male
Myrle,female
Myrna,female
Myron,male
Myrta,female
Myrtice,female
Myrtie,female
Myrtis,female
Myrtle,female
Myrtle,male
Nada,female
Nadia,female
Nadine,female
Naima,female
Najee,male
Nakia,female
Nakia,male
Nakisha,female
Nakita,female
Nallely,female
Namon,male
Nan,female
Nana,female
Nanci,female
Nancie,female
Nancy,female
Nancy,male
Nanette,female
Nanie,female
Nanna,female
Nannette,female
Nannie,female
Naoma,female
Naomi,female
Napoleon,male
Narcissus,female
Nash,male
Nasir,male
Nat,male
Natalee,female
Natalia,female
Natalie,female
Nataly,female
Natalya,female
Natasha,female
Nathalia,female
Nathalie,female
Nathaly,female
Nathan,male
Nathanael,male
Nathanial,male
Nathaniel,male
Nathen,male
Natosha,female
Nautica,female
Nayeli,female
Nayely,female
Neal,male
Nealie,female
Nealy,female
Ned,male
Nedra,female
Needham,male
Neely,male
Neha,female
Nehemiah,male
Neil,male
Nelda,female
Nelia,female
Nelie,female
Nell,female
Nella,female
Nelle,female
Nellie,female
Nellie,male
Nello,male
Nelly,female
Nels,male
Nelson,male
Nena,female
Neola,female
Neoma,female
Neppie,female
Nereida,female
Nery,male
Nestor,male
Neta,female
Netta,female
Nettie,female
Neva,female
Nevada,female
Nevaeh,female
Neveah,female
Nevin,male
Newell,male
Newman,male
Newt,male
Newton,male
Nia,female
Nichelle,female
Nichol,female
Nicholas,female
Nicholas,male
Nicholaus,male
Nichole,female
Nick,male
Nicki,female
Nicklaus,male
Nickolas,male
Nicky,male
Nico,male
Nicola,female
Nicolas,male
Nicole,female
Nicole,male
Nicolette,female
Nicolle,female
Nigel,male
Nikhil,male
Niki,female
Nikia,female
Nikita,female
Nikki,female
Nikko,male
Niko,male
Nikolai,male
Nikolas,male
Nikole,female
Nila,female
Nilda,female
Nile,male
Niles,male
Nils,male
Nim,male
Nina,female
Ninnie,female
Nira,female
Nita,female
Noah,male
Nobie,female
Noble,male
Noe,male
Noel,female
Noel,male
Noelia,female
Noelle,female
Noemi,female
Noemie,female
Nohely,female
Nola,female
Nolan,male
Nolen,male
Nolia,female
Nolie,female
Noma,female
Nona,female
Nonie,female
Nora,female
Nora,male
Norah,female
Norbert,male
Norberto,male
Noreen,female
Norene,female
Noreta,female
Noretta,female
Norine,female
Norita,female
Norma,female
Norman,female
Norman,male
Normand,male
Norris,male
North,male
Norton,male
Norval,male
Norwood,male
Nova,female
Novella,female
Nunzio,male
Nya,female
Nyah,female
Nyasia,female
Nyla,female
Nylah,female
Nyree,female
Oakley,male
Obe,male
Obed,male
Obie,male
Ocie,female
Ocie,male
Octa,female
Octave,male
Octavia,female
Octavie,female
Octavio,male
Octavius,male
Oda,female
Oda,male
Odalis,female
Odalys,female
Oddie,male
Odelia,female
Odell,female
Odell,male
Odessa,female
Odette,female
Odie,female
Odie,male
Odile,female
Odin,male
Odis,male
Odus,male
Ofelia,female
Offie,male
Ogden,male
Okey,male
Ola,female
Ola,male
Olaf,male
Olan,male
Oland,male
Olar,female
Ole,male
Olen,male
Olena,female
Olene,female
Oleta,female
Olevia,female
Oley,male
Olga,female
Olie,female
Olie,male
Olin,male
Olinda,female
Oline,female
Oliva,female
Olive,female
Olive,male
Oliver,male
Olivia,female
Olivine,female
Ollie,female
Ollie,male
Olof,male
Olympia,female
Oma,female
Omar,male
Omari,male
Omarion,male
Omer,male
Omie,female
Ona,female
Oneal,male
Oneida,female
Oneta,female
Oney,female
Onie,female
Onnie,female
Opal,female
Opal,male
Opha,female
Ophelia,female
Ora,female
Ora,male
Orah,female
Oral,female
Oral,male
Oralia,female
Oran,male
Orange,male
Orelia,female
Oren,male
Orene,female
Orie,male
Orilla,female
Orin,male
Orion,male
Oris,male
Orla,male
Orland,male
Orlando,male
Orlena,female
Orley,male
Orlin,male
Orlo,male
Orma,female
Orpha,female
Orra,female
Orren,male
Orrie,female
Orrie,male
Orrin,male
Orris,male
Orson,male
Orval,male
Orvel,male
Orvil,male
Orville,male
Orvin,male
Orvis,male
Osa,female
Osbaldo,male
Osborn,male
Osborne,male
Oscar,male
Osie,female
Osie,male
Ossie,female
Ossie,male
Osvaldo,male
Oswald,male
Oswaldo,male
Ota,female
Otelia,female
Otha,female
Otha,male
Othel,male
Otho,male
Otis,male
Ott,male
Ottie,female
Ottie,male
Ottilia,female
Ottilie,female
Ottis,male
Otto,male
Ouida,female
Ova,female
Ova,male
Ovid,male
Ovila,male
Owen,male
Owens,male
Ozell,female
Ozell,male
Ozella,female
Ozie,female
Ozie,male
Ozzie,male
Pablo,male
Page,male
Paige,female
Pairlee,female
Paisley,female
Paityn,female
Pallie,female
Palma,female
Palmer,male
Paloma,female
Pam,female
Pamala,female
Pamela,female
Pamela,male
Pamelia,female
Pamella,female
Pandora,female
Pansy,female
Paola,female
Paralee,female
Paris,female
Paris,male
Park,male
Parker,female
Parker,male
Parlee,female
Parley,male
Parrish,male
Parthenia,female
Pascal,male
Pasquale,male
Pat,female
Pat,male
Pate,male
Patience,female
Patric,male
Patrica,female
Patrice,female
Patricia,female
Patricia,male
Patrick,male
Patsy,female
Patsy,male
Patti,female
Pattie,female
Patty,female
Paul,female
Paul,male
Paula,female
Pauletta,female
Paulette,female
Paulina,female
Pauline,female
Pauline,male
Paulo,male
Paxton,male
Payten,female
Payton,female
Payton,male
Pearl,female
Pearl,male
Pearla,female
Pearle,female
Pearlene,female
Pearley,male
Pearlie,female
Pearlie,male
Pearline,female
Pearly,female
Pedro,male
Peggie,female
Peggy,female
Penelope,female
Penni,female
Pennie,female
Penny,female
Pepper,female
Percival,male
Percy,male
Perla,female
Perley,male
Permelia,female
Pernell,male
Perri,female
Perry,female
Perry,male
Pershing,male
Pete,male
Peter,male
Petra,female
Peyton,female
Peyton,male
Phebe,female
Pheobe,female
Phil,male
Philip,male
Phillip,male
Phillis,female
Philo,male
Philomena,female
Philomene,female
Phoebe,female
Phoenix,female
Phoenix,male
Phylicia,female
Phylis,female
Phyliss,female
Phyllis,female
Pierce,male
Pierre,male
Pink,female
Pink,male
Pinkey,female
Pinkie,female
Pinkney,male
Piper,female
Pleas,male
Pleasant,male
Ples,male
Pluma,female
Plummer,male
Polk,male
Pollie,female
Polly,female
Porfirio,male
Porsche,female
Porsha,female
Porter,male
Portia,female
Posey,male
Powell,male
Pranav,male
Pratt,male
Precious,female
Prentice,male
Prentiss,male
Presley,female
Presley,male
Press,male
Preston,male
Price,male
Pricilla,female
Primus,male
Prince,male
Princess,female
Priscila,female
Priscilla,female
Prosper,male
Prudence,female
Prudie,female
Pryor,male
Purl,male
Qiana,female
Queen,female
Queenie,female
Quentin,male
Quiana,female
Quincy,male
Quinn,female
Quinn,male
Quint,male
Quinten,male
Quintin,male
Quinton,male
Rachael,female
Racheal,female
Rachel,female
Rachel,male
Rachelle,female
Racquel,female
Rae,female
Rae,male
Raegan,female
Raekwon,male
Raelynn,female
Rafael,male
Rafaela,female
Rafe,male
Ragna,female
Raheem,male
Rahn,male
Rahsaan,male
Rahul,male
Raiden,male
Raina,female
Rakeem,male
Raleigh,male
Ralph,female
Ralph,male
Ramiro,male
Ramon,male
Ramona,female
Ramsey,male
Rance,male
Rand,male
Randal,male
Randall,male
Randel,male
Randell,male
Randi,female
Randle,male
Randolf,male
Randolph,male
Randy,female
Randy,male
Ransom,male
Raoul,male
Raphael,male
Raquan,male
Raquel,female
Ras,male
Rashaad,male
Rashaan,male
Rashad,male
Rashawn,male
Rasheed,male
Rashida,female
Raul,male
Raven,female
Raven,male
Ray,female
Ray,male
Rayan,male
Rayburn,male
Rayfield,male
Rayford,male
Raymon,male
Raymond,female
Raymond,male
Raymundo,male
Rayna,female
Raynard,male
Rayne,female
Rayshawn,male
Reagan,female
Reagan,male
Reanna,female
Reason,male
Reatha,female
Reba,female
Rebeca,female
Rebecca,female
Rebecca,male
Rebekah,female
Red,male
Redden,male
Redmond,male
Reece,male
Reed,male
Reese,female
Reese,male
Refugio,male
Regan,female
Regan,male
Regena,female
Regenia,female
Reggie,male
Regina,female
Reginal,male
Reginald,male
Regis,male
Reid,male
Reilly,female
Reilly,male
Reina,female
Reinaldo,male
Reinhold,male
Reino,male
Rella,female
Remington,male
Rena,female
Renada,female
Renae,female
Renaldo,male
Renard,male
Renata,female
Rene,female
Rene,male
Renea,female
Renee,female
Renita,female
Rennie,female
Reno,male
Ressie,female
Reta,female
Retha,female
Retta,female
Rettie,female
Reuben,male
Reubin,male
Reva,female
Rex,male
Rexford,male
Rey,male
Reyes,male
Reyna,female
Reynaldo,male
Reynold,male
Reynolds,male
Rhea,female
Rheta,female
Rhett,male
Rhianna,female
Rhiannon,female
Rhoda,female
Rhoda,male
Rhona,female
Rhonda,female
Rhys,male
Rian,male
Rianna,female
Ricardo,male
Ricci,male
Rice,male
Rich,male
Richard,female
Richard,male
Richelle,female
Richie,male
Richmond,male
Rick,male
Rickey,male
Ricki,female
Ricki,male
Rickie,male
Ricky,male
Rico,male
Ridge,male
Rigoberto,male
Rihanna,female
Rikki,female
Riley,female
Riley,male
Rilla,female
Rillie,female
Rinda,female
Risa,female
Rishi,male
Rita,female
Ritchie,male
River,male
Riya,female
Rob,male
Robb,male
Robbie,female
Robbie,male
Robbin,female
Robbin,male
Robby,male
Robert,female
Robert,male
Roberta,female
Roberto,male
Robin,female
Robin,male
Robley,male
Robt,male
Roby,male
Robyn,female
Rocco,male
Rochelle,female
Rocio,female
Rock,male
Rocky,male
Rod,male
Roddy,male
Roderic,male
Roderick,male
Rodger,male
Rodney,male
Rodolfo,male
Rodrick,male
Rodrigo,male
Roe,male
Roel,male
Roena,female
Rogelio,male
Roger,male
Rogers,male
Rohan,male
Roland,male
Rolanda,female
Rolando,male
Rolf,male
Roll,male
Rolla,male
Rolland,male
Rollie,male
Rollin,male
Rollo,male
Roma,female
Roma,male
Romaine,female
Roman,male
Rome,male
Romello,male
Romeo,male
Romie,male
Romona,female
Ron,male
Rona,female
Ronal,male
Ronald,female
Ronald,male
Ronaldo,male
Ronan,male
Ronda,female
Rondal,male
Roni,female
Ronin,male
Ronna,female
Ronnie,female
Ronnie,male
Ronny,male
Roosevelt,male
Rory,female
Rory,male
Rosa,female
Rosa,male
Rosabelle,female
Rosalee,female
Rosalia,female
Rosalie,female
Rosalind,female
Rosalinda,female
Rosaline,female
Rosalyn,female
Rosamond,female
Rosann,female
Rosanna,female
Rosanne,female
Rosaria,female
Rosario,female
Rosario,male
Rosco,male
Roscoe,male
Rose,female
Rose,male
Roseann,female
Roseanna,female
Roseanne,female
Rosella,female
Roselyn,female
Rosemarie,female
Rosemary,female
Rosena,female
Rosendo,male
Rosetta,female
Rosevelt,male
Rosey,female
Rosia,female
Rosie,female
Rosina,female
Rosita,female
Roslyn,female
Ross,male
Rossie,female
Rossie,male
Roswell,male
Rosy,female
Rowan,female
Rowan,male
Rowena,female
Rowland,male
Roxana,female
Roxane,female
Roxann,female
Roxanna,female
Roxanne,female
Roxie,female
Roxy,female
Roy,female
Roy,male
Royal,male
Royce,male
Rozanne,female
Rozella,female
Rube,male
Ruben,male
Rubi,female
Rubie,female
Rubin,male
Ruby,female
Ruby,male
Rubye,female
Rudolf,male
Rudolfo,male
Rudolph,male
Rudy,male
Rueben,male
Ruel,male
Ruffin,male
Ruffus,male
Rufus,male
Ruie,female
Rupert,male
Rush,male
Russ,male
Russel,male
Russell,male
Rustin,male
Rusty,male
Ruth,female
Ruth,male
Rutha,female
Ruthann,female
Ruthanne,female
Ruthe,female
Rutherford,male
Ruthie,female
Ryan,female
Ryan,male
Ryann,female
Ryder,male
Ryker,male
Rylan,male
Ryland,male
Rylee,female
Rylee,male
Ryleigh,female
Ryley,male
Rylie,female
Ryne,male
Sabastian,male
Sabina,female
Sable,female
Sabra,female
Sabrina,female
Sada,female
Sade,female
Sadie,female
Sadye,female
Sage,female
Sage,male
Saige,female
Saint,male
Sal,male
Salena,female
Salina,female
Sallie,female
Sally,female
Salma,female
Salome,female
Salomon,male
Salvador,male
Salvatore,male
Sam,male
Samantha,female
Samantha,male
Samara,female
Samatha,female
Samie,male
Samir,male
Samira,female
Sammie,female
Sammie,male
Sammy,male
Sampson,male
Samson,male
Samual,male
Samuel,male
Sanaa,female
Sanai,female
Sanders,male
Sandi,female
Sandie,female
Sandra,female
Sandra,male
Sandy,female
Sandy,male
Sanford,male
Saniya,female
Saniyah,female
Sanjuana,female
Sanjuanita,female
Sannie,female
Santa,female
Santana,female
Santana,male
Santiago,male
Santina,female
Santino,male
Santo,male
Santos,female
Santos,male
Sara,female
Sarah,female
Sarah,male
Sarahi,female
Sarai,female
Sariah,female
Sarina,female
Sarita,female
Sarrah,female
Sasha,female
Saul,male
Saundra,female
Savana,female
Savanah,female
Savanna,female
Savannah,female
Saverio,male
Savilla,female
Savion,male
Savon,male
Sawyer,male
Scarlet,female
Scarlett,female
Schley,male
Schuyler,male
Scot,male
Scott,female
Scott,male
Scottie,male
Scotty,male
Seaborn,male
Seamus,male
Sean,male
Sebastian,male
Sebrina,female
Sedrick,male
Selah,female
Seldon,male
Selena,female
Selene,female
Selina,female
Selma,female
Selmer,male
Semaj,male
Sena,female
Seneca,male
Senora,female
Serena,female
Serenity,female
Sergio,male
Serina,female
Seth,male
Severo,male
Severt,male
Seward,male
Seymour,male
Shad,male
Shade,male
Shae,female
Shafter,male
Shaina,female
Shakira,female
Shalon,female
Shalonda,female
Shamar,male
Shameka,female
Shamika,female
Shan,male
Shana,female
Shanae,female
Shanda,female
Shandra,female
Shane,female
Shane,male
Shaneka,female
Shanell,female
Shanelle,female
Shanequa,female
Shani,female
Shania,female
Shanice,female
Shaniece,female
Shanika,female
Shaniqua,female
Shanita,female
Shaniya,female
Shanna,female
Shannan,female
Shannen,female
Shannon,female
Shannon,male
Shanon,female
Shanon,male
Shanta,female
Shante,female
Shantel,female
Shantell,female
Shaquan,male
Shaquana,female
Shaquille,male
Shaquita,female
Shara,female
Shardae,female
Sharday,female
Sharde,female
Sharee,female
Sharen,female
Shari,female
Sharif,male
Sharita,female
Sharla,female
Sharleen,female
Sharlene,female
Sharman,female
Sharon,female
Sharon,male
Sharonda,female
Sharron,female
Sharyl,female
Sharyn,female
Shasta,female
Shatara,female
Shaun,female
Shaun,male
Shauna,female
Shaunna,female
Shavon,female
Shavonne,female
Shawanda,female
Shawn,female
Shawn,male
Shawna,female
Shawnda,female
Shawnee,female
Shawnna,female
Shawnte,female
Shay,female
Shay,male
Shayla,female
Shaylee,female
Shayna,female
Shayne,male
Shea,female
Shea,male
Shedrick,male
Sheena,female
Sheila,female
Sheilah,female
Shelba,female
Shelbi,female
Shelbie,female
Shelby,female
Shelby,male
Sheldon,male
Shelia,female
Shelley,female
Shelley,male
Shelli,female
Shellie,female
Shellie,male
Shelly,female
Shelly,male
Shelton,male
Shelva,female
Shelvia,female
Shelvie,female
Shemar,male
Shena,female
Shenna,female
Shep,male
Shepherd,male
Sheree,female
Sheri,female
Sheridan,female
Sheridan,male
Sherie,female
Sherilyn,female
Sherita,female
Sherlyn,female
Sherman,male
Sheron,female
Sherree,female
Sherri,female
Sherrie,female
Sherrill,female
Sherrill,male
Sherron,female
Sherry,female
Sherryl,female
Sherwin,male
Sherwood,male
Sheryl,female
Sheryll,female
Sheyla,female
Shianne,female
Shiela,female
Shiloh,female
Shira,female
Shirl,female
Shirlee,female
Shirleen,female
Shirlene,female
Shirley,female
Shirley,male
Shirleyann,female
Shirlie,female
Shoji,male
Shon,male
Shona,female
Shonda,female
Shonna,female
Shreya,female
Shyann,female
Shyanne,female
Shyheim,male
Shyla,female
Sibbie,female
Sibyl,female
Sid,male
Siddie,female
Sidney,female
Sidney,male
Sie,male
Siena,female
Sienna,female
Sierra,female
Sigmund,male
Signa,female
Signe,female
Sigrid,female
Sigurd,male
Silas,male
Silver,male
Silvester,male
Silvia,female
Silvio,male
Sim,male
Simeon,male
Simmie,male
Simon,male
Simona,female
Simone,female
Simpson,male
Sina,female
Sincere,male
Sinda,female
Sing,male
Siobhan,female
Sister,female
Skip,male
Sky,female
Skye,female
Skyla,female
Skylar,female
Skylar,male
Skyler,female
Skyler,male
Slade,male
Sloane,female
Smith,male
Socorro,female
Sofia,female
Sol,male
Soledad,female
Soloman,male
Solomon,male
Solon,male
Somer,female
Sommer,female
Son,male
Sondra,female
Sonia,female
Sonja,female
Sonji,female
Sonny,male
Sonya,female
Sophia,female
Sophie,female
Sophronia,female
Soren,male
Spencer,male
Spenser,male
Spring,female
Spurgeon,male
Squire,male
Stacey,female
Stacey,male
Staci,female
Stacia,female
Stacie,female
Stacy,female
Stacy,male
Stafford,male
Stan,male
Stanford,male
Stanislaus,male
Stanley,male
Stanton,male
Star,female
Starla,female
Starling,male
Starr,female
Stasia,female
Stefan,male
Stefani,female
Stefanie,female
Stella,female
Stephaine,female
Stephan,male
Stephani,female
Stephania,female
Stephanie,female
Stephanie,male
Stephany,female
Stephen,male
Stephenie,female
Stephon,male
Sterling,male
Stetson,male
Stevan,male
Steve,male
Steven,female
Steven,male
Stevie,female
Stevie,male
Steward,male
Stewart,male
Stone,male
Stonewall,male
Stoney,male
Storm,male
Stormy,female
Stuart,male
Sudie,female
Sue,female
Suellen,female
Sula,female
Sullivan,male
Summer,female
Sumner,male
Sunday,female
Sunny,female
Sunshine,female
Susan,female
Susan,male
Susana,female
Susann,female
Susanna,female
Susannah,female
Susanne,female
Susie,female
Susie,male
Sussie,female
Suzan,female
Suzann,female
Suzanna,female
Suzanne,female
Suzette,female
Suzie,female
Suzy,female
Sybil,female
Sybilla,female
Syble,female
Sydell,female
Sydnee,female
Sydney,female
Sydney,male
Sydni,female
Sydnie,female
Syed,male
Sylva,female
Sylvan,male
Sylvania,female
Sylvanus,male
Sylvester,male
Sylvia,female
Symone,female
Syreeta,female
Tab,male
Tabatha,female
Tabetha,female
Tabitha,female
Tad,male
Taft,male
Tahj,male
Tai,female
Taina,female
Taj,male
Taja,female
Takisha,female
Tal,male
Talan,male
Talen,male
Talia,female
Taliyah,female
Tallie,male
Talmadge,male
Talmage,male
Talon,male
Tamala,female
Tamara,female
Tamatha,female
Tambra,female
Tameka,female
Tamekia,female
Tamela,female
Tamera,female
Tami,female
Tamia,female
Tamica,female
Tamie,female
Tamika,female
Tamiko,female
Tamisha,female
Tammi,female
Tammie,female
Tammy,female
Tammy,male
Tamra,female
Tamya,female
Tana,female
Tandy,male
Tanesha,female
Tangela,female
Tania,female
Tanika,female
Tanisha,female
Taniya,female
Taniyah,female
Tanja,female
Tanner,male
Tanya,female
Tara,female
Tarah,female
Tari,female
Tarik,male
Tariq,male
Tarsha,female
Taryn,female
Tasha,female
Tashina,female
Tasia,female
Tate,male
Tatia,female
Tatiana,female
Tatianna,female
Tatsuo,male
Tatum,female
Tatyana,female
Tatyanna,female
Taurean,male
Taurus,male
Tavares,male
Tavaris,male
Tavian,male
Tavion,male
Tavon,male
Tawana,female
Tawanda,female
Tawanna,female
Tawny,female
Tawnya,female
Taya,female
Tayla,female
Tayler,female
Tayler,male
Taylor,female
Taylor,male
Tayshaun,male
Tea,female
Teagan,female
Teagan,male
Ted,male
Teddie,male
Teddy,male
Teela,female
Teena,female
Tegan,male
Tella,female
Telly,male
Tempie,female
Tena,female
Tenika,female
Tenisha,female
Tennessee,female
Tennie,female
Tennille,female
Tera,female
Terance,male
Terell,male
Terence,male
Teresa,female
Terese,female
Teressa,female
Teri,female
Terra,female
Terrance,male
Terrell,male
Terrence,male
Terri,female
Terrie,female
Terrill,male
Terry,female
Terry,male
Tess,female
Tessa,female
Tessie,female
Tevin,male
Tex,male
Texanna,female
Texas,female
Texie,female
Thad,male
Thaddeus,male
Thalia,female
Thea,female
Theadore,male
Theda,female
Thedore,male
Thekla,female
Thelma,female
Thelma,male
Theo,female
Theo,male
Theodis,male
Theodocia,female
Theodora,female
Theodore,male
Theodosia,female
Theola,female
Theophile,male
Theresa,female
Therese,female
Theresia,female
Therman,male
Theron,male
Theta,female
Thomas,female
Thomas,male
Thomasina,female
Thompson,male
Thor,male
Thora,female
Thornton,male
Thorwald,male
Thos,male
Thresa,female
Thurlow,male
Thurman,male
Thursa,female
Thurston,male
Thyra,female
Tia,female
Tiana,female
Tianna,female
Tiara,female
Tiarra,female
Tiera,female
Tierra,female
Tiesha,female
Tiffani,female
Tiffanie,female
Tiffany,female
Tiffany,male
Tilda,female
Tilden,male
Tilla,female
Tillie,female
Tillman,male
Tilman,male
Tim,male
Timmie,male
Timmothy,male
Timmy,male
Timothy,female
Timothy,male
Tina,female
Tina,male
Tiney,female
Tinie,female
Tinnie,female
Tiny,female
Tisa,female
Tisha,female
Tishie,female
Tito,male
Titus,male
Tobe,male
Tobi,female
Tobias,male
Tobie,male
Tobin,male
Toby,female
Toby,male
Toccara,female
Tod,male
Todd,male
Toivo,male
Tolbert,male
Tollie,male
Tom,female
Tom,male
Toma,male
Tomas,male
Tomasa,female
Tomeka,female
Tomie,male
Tomika,female
Tommie,female
Tommie,male
Tommy,male
Tonda,female
Toney,male
Toni,female
Tonia,female
Tonja,female
Tony,male
Tonya,female
Torey,male
Tori,female
Toriano,male
Torie,female
Torrance,male
Torrence,male
Torrey,male
Torrie,female
Torry,male
Tory,female
Tory,male
Tosha,female
Toshiko,female
Toshio,male
Towanda,female
Toy,male
Toya,female
Trace,male
Tracee,female
Tracey,female
Tracey,male
Traci,female
Tracie,female
Tracy,female
Tracy,male
Trae,male
Travis,male
Travon,male
Trayvon,male
Tre,male
Treasure,female
Treena,female
Tremaine,male
Tremayne,male
Trena,female
Trent,male
Trenten,male
Trenton,male
Tresa,female
Tressa,female
Tressie,female
Treva,female
Trever,male
Trevin,male
Trevion,male
Trevon,male
Trevor,male
Trey,male
Treyton,male
Treyvon,male
Tricia,female
Trilby,female
Trina,female
Trinidad,female
Trinidad,male
Trinity,female
Trinity,male
Tripp,male
Trish,female
Trisha,female
Trista,female
Tristan,female
Tristan,male
Tristen,female
Tristen,male
Tristian,male
Tristin,male
Triston,male
Troy,female
Troy,male
Trudi,female
Trudie,female
Trudy,female
True,male
Trula,female
Trumaine,male
Truman,male
Trystan,male
Tuan,male
Tucker,male
Tula,female
Turner,male
Twila,female
Twyla,female
Ty,male
Tye,male
Tyesha,female
Tyler,female
Tyler,male
Tylor,male
Tyquan,male
Tyra,female
Tyree,male
Tyreek,male
Tyreese,male
Tyrek,male
Tyreke,male
Tyrel,male
Tyrell,male
Tyrese,male
Tyrik,male
Tyrin,male
Tyriq,male
Tyrique,male
Tyron,male
Tyrone,male
Tyrus,male
Tyshawn,male
Tyson,male
Ula,female
Ulises,male
Ulysses,male
Una,female
Unique,female
Unknown,female
Unknown,male
Unnamed,male
Ura,female
Urban,male
Uriah,male
Uriel,male
Urijah,male
Ursula,female
Vada,female
Val,female
Val,male
Valarie,female
Valencia,female
Valentin,male
Valentina,female
Valentine,female
Valentine,male
Valentino,male
Valeria,female
Valerie,female
Valery,female
Valinda,female
Vallie,female
Valorie,female
Van,male
Vance,male
Vander,male
Vanesa,female
Vanessa,female
Vannie,female
Vara,female
Vashon,male
Vashti,female
Vassie,female
Vaughn,male
Veda,female
Vela,female
Velda,female
Velia,female
Vella,female
Velma,female
Velva,female
Velvet,female
Vena,female
Venessa,female
Venice,female
Venie,female
Venita,female
Vennie,female
Venus,female
Veola,female
Vera,female
Vera,male
Verda,female
Verdell,female
Verdie,female
Vere,male
Verena,female
Vergie,female
Vergil,male
Verl,male
Verla,female
Verle,male
Verlene,female
Verlie,female
Verlin,male
Verlon,male
Verlyn,male
Vern,male
Verna,female
Verna,male
Vernal,male
Verne,female
Verne,male
Vernell,female
Vernell,male
Vernelle,female
Verner,male
Vernetta,female
Vernia,female
Vernice,female
Vernie,female
Vernie,male
Vernita,female
Vernon,female
Vernon,male
Verona,female
Veronica,female
Versa,female
Versie,female
Vertie,female
Vessie,female
Vesta,female
Vester,male
Veta,female
Veva,female
Vic,male
Vicente,male
Vicie,female
Vick,male
Vickey,female
Vicki,female
Vickie,female
Vicky,female
Victor,male
Victoria,female
Victoriano,male
Victorine,female
Victory,female
Vicy,female
Vida,female
Vidal,male
Vikki,female
Villa,female
Vilma,female
Vina,female
Vince,male
Vincent,male
Vincenza,female
Vincenzo,male
Viney,female
Vinie,female
Vinnie,female
Vinson,male
Vinton,male
Viola,female
Viola,male
Violet,female
Violeta,female
Violetta,female
Violette,female
Vira,female
Virdie,female
Virge,male
Virgel,male
Virgia,female
Virgie,female
Virgie,male
Virgil,female
Virgil,male
Virginia,female
Virginia,male
Virgle,male
Viridiana,female
Vita,female
Vito,male
Viva,female
Vivian,female
Vivian,male
Viviana,female
Vivien,female
Vivienne,female
Vlasta,female
Vollie,male
Volney,male
Von,male
Vonda,female
Vonetta,female
Vonnie,female
Wade,male
Waino,male
Waldemar,male
Waldo,male
Walker,male
Wallace,male
Wally,male
Walt,male
Walter,female
Walter,male
Walton,male
Wanda,female
Waneta,female
Wanita,female
Ward,male
Wardell,male
Warner,male
Warren,male
Wash,male
Washington,male
Watson,male
Watt,male
Wava,female
Waverly,male
Wayde,male
Wayland,male
Waylon,male
Wayman,male
Waymon,male
Wayne,male
Weaver,male
Webb,male
Webster,male
Weldon,male
Wellington,male
Wells,male
Welton,male
Wende,female
Wendel,male
Wendell,male
Wendi,female
Wendy,female
Wenzel,male
Werner,male
Wes,male
Wesley,male
Wess,male
West,male
Westley,male
Weston,male
Wheeler,male
Whit,male
Whitley,female
Whitney,female
Whitney,male
Wilber,male
Wilbert,male
Wilbur,male
Wilburn,male
Wilda,female
Wiley,male
Wilford,male
Wilfred,male
Wilfredo,male
Wilfrid,male
Wilhelm,male
Wilhelmina,female
Wilhelmine,female
Wiliam,male
Wilkie,male
Will,female
Will,male
Willa,female
Willaim,male
Willam,male
Willard,male
Willene,female
Willia,female
William,female
William,male
Williams,male
Willian,male
Williard,male
Willie,female
Willie,male
Williemae,female
Willis,male
Willodean,female
Willow,female
Willy,male
Wilma,female
Wilmer,male
Wilson,male
Wilton,male
Windell,male
Windy,female
Winfield,male
Winford,male
Winfred,male
Wing,male
Winifred,female
Winifred,male
Winnie,female
Winnie,male
Winnifred,female
Winona,female
Winston,male
Winter,female
Winthrop,male
Winton,male
Wirt,male
Wm,male
Wong,male
Wood,male
Woodie,male
Woodroe,male
Woodrow,male
Woodson,male
Woody,male
Worley,male
Worth,male
Wright,male
Wyatt,male
Wylie,male
Wyman,male
Wynona,female
Xander,male
Xavier,male
Xena,female
Ximena,female
Xiomara,female
Xzavier,male
Yaakov,male
Yadiel,male
Yadira,female
Yael,male
Yahaira,female
Yahir,male
Yair,male
Yajaira,female
Yamilet,female
Yamilex,female
Yancy,male
Yandel,male
Yareli,female
Yaretzi,female
Yaritza,female
Yasmeen,female
Yasmin,female
Yasmine,female
Yazmin,female
Yee,male
Yehuda,male
Yesenia,female
Yessenia,female
Yetta,female
Yoel,male
Yolanda,female
Yolonda,female
York,male
Yosef,male
Yoselin,female
Yoshiko,female
Yoshio,male
Young,male
Yuliana,female
Yulisa,female
Yulissa,female
Yurem,male
Yuridia,female
Yusuf,male
Yvette,female
Yvonne,female
Zachariah,male
Zachary,male
Zachery,male
Zack,male
Zackary,male
Zackery,male
Zada,female
Zadie,female
Zaid,male
Zaida,female
Zaiden,male
Zain,male
Zaire,male
Zakary,male
Zana,female
Zander,male
Zandra,female
Zane,male
Zaniyah,female
Zara,female
Zaria,female
Zariah,female
Zavier,male
Zayden,male
Zayne,male
Zeb,male
Zebulon,male
Zechariah,male
Zed,male
Zeke,male
Zela,female
Zelda,female
Zelia,female
Zella,female
Zelma,female
Zelpha,female
Zena,female
Zenas,male
Zeno,male
Zenobia,female
Zeta,female
Zetta,female
Zettie,female
Zhane,female
Zigmund,male
Zillah,female
Zilpah,female
Zilpha,female
Zina,female
Zion,female
Zion,male
Zita,female
Zoa,female
Zoe,female
Zoey,female
Zoie,female
Zola,female
Zollie,male
Zona,female
Zora,female
Zula,female
